Project,File,Method,Err_-1,Err_0,Err_1,Err_2,Err_3,Err_4,Err_5,Err_6,Err_7,Err_8,Err_9,Err_10,Err_11
Cookie,Cookie.txt,,,None,,,,,,,,,,,
Cookie,Cookie.txt,Cookie,,None,,,,,,,,,,,
Cookie,Cookie.txt,getComment,,None,,,,,,,,,,,
Cookie,Cookie.txt,setComment,,None,,,,,,,,,,,
Cookie,Cookie.txt,getExpiryDate,,None,,,,,,,,,,,
Cookie,Cookie.txt,setExpiryDate,,None,,,,,,,,,,,
Cookie,Cookie.txt,isPersistent,,None,,,,,,,,,,,
Cookie,Cookie.txt,getDomain,,None,,,,,,,,,,,
Cookie,Cookie.txt,setDomain,,None,,,,,,,,,,,
Cookie,Cookie.txt,getPath,,None,,,,,,,,,,,
Cookie,Cookie.txt,setPath,,None,,,,,,,,,,,
Cookie,Cookie.txt,getSecure,,None,,,,,,,,,,,
Cookie,Cookie.txt,setSecure,,None,,,,,,,,,,,
Cookie,Cookie.txt,getVersion,,None,,,,,,,,,,,
Cookie,Cookie.txt,setVersion,,None,,,,,,,,,,,
Cookie,Cookie.txt,isExpired,,None,,,,,,,,,,,
Cookie,Cookie.txt,setPathAttributeSpecified,,None,,,,,,,,,,,
Cookie,Cookie.txt,isPathAttributeSpecified,,None,,,,,,,,,,,
Cookie,Cookie.txt,setDomainAttributeSpecified,,None,,,,,,,,,,,
Cookie,Cookie.txt,isDomainAttributeSpecified,,None,,,,,,,,,,,
Cookie,Cookie.txt,hashCode,,,,LangUtils::hashCode lacks an overload for std::string.,,,,,,,,,
Cookie,Cookie.txt,equals,,None,,,,,,,,,,,
Cookie,Cookie.txt,toExternalForm,,None,,,,,,,,,,,
Cookie,Cookie.txt,toString,,None,,,,,,,,,,,
Cookie,Cookie.txt,compare,,None,,,,,,,,,,,
Cookie,Cookie.txt,invalid_argument,error: no comment found,,,,,,,,,,,,
Cookie,Cookie.txt,transform,error: no comment found,,,,,,,,,,,,
Cookie,CookiePolicy.txt,,,None,,,,,,,,,,,
Cookie,CookiePolicy.txt,registerCookieSpec,,None,,,,,,,,,,,
Cookie,CookiePolicy.txt,unregisterCookieSpec,,None,,,,,,,,,,,
Cookie,CookiePolicy.txt,getCookieSpec,,,,,,,,,,,,,Casting type_info::hash_code() to a pointer is undefined behavior.
Cookie,CookiePolicy.txt,getDefaultSpec,,None,,,,,,,,,,,
Cookie,CookiePolicy.txt,getRegisteredCookieSpecs,,,,,,,,,,,,,Dynamically allocated array is not freed.
Cookie,CookiePolicy.txt,invalid_argument,error: no comment found,,,,,,,,,,,,
Cookie,CookiePolicy.txt,runtime_error,error: no comment found,,,,,,,,,,,,
Cookie,CookieSpec.txt,,error: no overall comment found,,,,,,,,,,,,
Cookie,CookieSpec.txt,parse,error: no comment found,,,,,,,,,,,,
Cookie,CookieSpec.txt,parseAttribute,error: no comment found,,,,,,,,,,,,
Cookie,CookieSpec.txt,validate,error: no comment found,,,,,,,,,,,,
Cookie,CookieSpec.txt,setValidDateFormats,error: no comment found,,,,,,,,,,,,
Cookie,CookieSpec.txt,getValidDateFormats,error: no comment found,,,,,,,,,,,,
Cookie,CookieSpec.txt,match,error: no comment found,,,,,,,,,,,,
Cookie,CookieSpec.txt,domainMatch,error: no comment found,,,,,,,,,,,,
Cookie,CookieSpec.txt,pathMatch,error: no comment found,,,,,,,,,,,,
Cookie,CookieSpec.txt,formatCookie,error: no comment found,,,,,,,,,,,,
Cookie,CookieSpec.txt,formatCookies,error: no comment found,,,,,,,,,,,,
Cookie,CookieSpec.txt,formatCookieHeader,error: no comment found,,,,,,,,,,,,
Cookie,Header.txt,,,None,,,,,,,,,,,
Cookie,Header.txt,Header,,None,,,,,,,,,,,
Cookie,Header.txt,toExternalForm,,None,,,,,,,,,,,
Cookie,Header.txt,toString,,None,,,,,,,,,,,
Cookie,Header.txt,getValues,,,,"HeaderElement::parse returns std::vector<HeaderElement>, but getValues() declares HeaderElement*.",,,,,,,,,
Cookie,Header.txt,getElements,,None,,,,,,,,,,,
Cookie,Header.txt,isAutogenerated,,None,,,,,,,,,,,
Cookie,Header.txt,parse,error: no comment found,,,,,,,,,,,,
Cookie,Header.txt,parseElements,error: no comment found,,,,,,,,,,,,
Cookie,HeaderElement.txt,,,,,,<cstring> is not included.,,,,,,,,
Cookie,HeaderElement.txt,HeaderElement,,None,,,,,,,,,,,
Cookie,HeaderElement.txt,getParameters,,None,,,,,,,,,,,
Cookie,HeaderElement.txt,parseElements,,None,,,,,,,,,,,
Cookie,HeaderElement.txt,parse,,None,,,,,,,,,,,
Cookie,HeaderElement.txt,getParameterByName,,None,,,,,,,,,,,
Cookie,LangUtils.txt,,,None,,,,,,,,,,,
Cookie,LangUtils.txt,hashCode,,None,,,,,,,,,,,
Cookie,LangUtils.txt,equals,,,,,,,,,,,,Compares pointer addresses instead of object content.,
Cookie,Log.txt,,error: no overall comment found,,,,,,,,,,,,
Cookie,Log.txt,isDebugEnabled,error: no comment found,,,,,,,,,,,,
Cookie,Log.txt,isErrorEnabled,error: no comment found,,,,,,,,,,,,
Cookie,Log.txt,isFatalEnabled,error: no comment found,,,,,,,,,,,,
Cookie,Log.txt,isInfoEnabled,error: no comment found,,,,,,,,,,,,
Cookie,Log.txt,isTraceEnabled,error: no comment found,,,,,,,,,,,,
Cookie,Log.txt,isWarnEnabled,error: no comment found,,,,,,,,,,,,
Cookie,Log.txt,trace,error: no comment found,,,,,,,,,,,,
Cookie,Log.txt,debug,error: no comment found,,,,,,,,,,,,
Cookie,Log.txt,info,error: no comment found,,,,,,,,,,,,
Cookie,Log.txt,warn,error: no comment found,,,,,,,,,,,,
Cookie,Log.txt,error,error: no comment found,,,,,,,,,,,,
Cookie,Log.txt,fatal,error: no comment found,,,,,,,,,,,,
Cookie,LogFactory.txt,,,None,,,,,,,,,,,
Cookie,LogFactory.txt,getAttribute,,None,,,,,,,,,,,
Cookie,LogFactory.txt,getAttributeNames,,None,,,,,,,,,,,
Cookie,LogFactory.txt,getInstance,,None,,,,,,,,,,,
Cookie,LogFactory.txt,release,,None,,,,,,,,,,,
Cookie,LogFactory.txt,removeAttribute,,None,,,,,,,,,,,
Cookie,LogFactory.txt,setAttribute,,None,,,,,,,,,,,
Cookie,LogFactory.txt,getFactory,,None,,,,,,,,,,,
Cookie,LogFactory.txt,getLog,,None,,,,,,,,,,,
Cookie,LogFactory.txt,releaseAll,,None,,,,,,,,,,,
Cookie,LogFactory.txt,getContextClassLoader,,,,,,,,,,,LogConfigurationException is not part of the standard C++ library and must be user-defined.,,
Cookie,LogFactory.txt,newFactory,,None,,,,,,,,,,,
Cookie,LogFactory.txt,getCachedFactory,,None,,,,,,,,,,,
Cookie,LogFactory.txt,cacheFactory,,None,,,,,,,,,,,
Cookie,LogFactory.txt,getResourceAsStream,,None,,,,,,,,,,,
Cookie,NameValuePair.txt,,,None,,,,,,,,,,,
Cookie,NameValuePair.txt,NameValuePair,,None,,,,,,,,,,,
Cookie,NameValuePair.txt,setName,,None,,,,,,,,,,,
Cookie,NameValuePair.txt,getName,,None,,,,,,,,,,,
Cookie,NameValuePair.txt,setValue,,None,,,,,,,,,,,
Cookie,NameValuePair.txt,getValue,,None,,,,,,,,,,,
Cookie,NameValuePair.txt,toString,,None,,,,,,,,,,,
Cookie,NameValuePair.txt,equals,,None,,,,,,,,,,,
Cookie,NameValuePair.txt,hashCode,,,,LangUtils::hashCode lacks an overload for std::string.,,,,,,,,,
Cookie,ParameterParser.txt,,,None,,,,,,,,,,,
Cookie,ParameterParser.txt,hasChar,,None,,,,,,,,,,,
Cookie,ParameterParser.txt,getToken,,None,,,,,,,,,,,
Cookie,ParameterParser.txt,isOneOf,,None,,,,,,,,,,,
Cookie,ParameterParser.txt,parseToken,,None,,,,,,,,,,,
Cookie,ParameterParser.txt,parseQuotedToken,,None,,,,,,,,,,,
Cookie,ParameterParser.txt,ParameterParser,error: no comment found,,,,,,,,,,,,
Cookie,ParameterParser.txt,parse,,None,,,,,,,,,,,
Cookie,ParameterParser.txt,string,,None,,,,,,,,,,,
Cookie,ParameterParser.txt,find,error: no comment found,,,,,,,,,,,,
EnableJUnit4MigrationSupport,AfterEachCallback.txt,,,,,,,,,,,,Non-existent header file API.h included,,
EnableJUnit4MigrationSupport,AfterEachCallback.txt,afterEach,,None,,,,,,,,,,,
EnableJUnit4MigrationSupport,BeforeEachCallback.txt,,,None,,,,,,,,,,,
EnableJUnit4MigrationSupport,BeforeEachCallback.txt,beforeEach,,None,,,,,,,,,,,
EnableJUnit4MigrationSupport,ClassFilter.txt,,,None,,,,,,,,,,,
EnableJUnit4MigrationSupport,ClassFilter.txt,of,,None,,,,,,,,,,,
EnableJUnit4MigrationSupport,ClassFilter.txt,match,,None,,,,,,,,,,,
EnableJUnit4MigrationSupport,ClassFilter.txt,ClassFilter,,None,,,,,,,,,,,
EnableJUnit4MigrationSupport,ClasspathScanner.txt,,,None,,,,,,,,,,,
EnableJUnit4MigrationSupport,ClasspathScanner.txt,scanForClassesInPackage,,,,,,,,,,,Non-existent class Class,,
EnableJUnit4MigrationSupport,ClasspathScanner.txt,scanForClassesInClasspathRoot,,,,,,,,,,,Non-existent class Class,,
EnableJUnit4MigrationSupport,ClasspathScanner.txt,scanForResourcesInPackage,,None,,,,,,,,,,,
EnableJUnit4MigrationSupport,ClasspathScanner.txt,scanForResourcesInClasspathRoot,,None,,,,,,,,,,,
EnableJUnit4MigrationSupport,ConditionEvaluationResult.txt,,,None,,,,,,,,,,,
EnableJUnit4MigrationSupport,ConditionEvaluationResult.txt,enabled,,,,,,,,Function name conflicts with member variable name,,,,,
EnableJUnit4MigrationSupport,ConditionEvaluationResult.txt,disabled,,None,,,,,,,,,,,
EnableJUnit4MigrationSupport,ConditionEvaluationResult.txt,isDisabled,,None,,,,,,,,,,,
EnableJUnit4MigrationSupport,ConditionEvaluationResult.txt,getReason,,None,,,,,,,,,,,
EnableJUnit4MigrationSupport,ConditionEvaluationResult.txt,toString,,None,,,,,,,,,,,
EnableJUnit4MigrationSupport,ConditionEvaluationResult.txt,ConditionEvaluationResult,,,,,,,,Function name conflicts with member variable name,,,,,
EnableJUnit4MigrationSupport,DefaultResource.txt,,,,,,,,,,,,Non-existent header files included,,
EnableJUnit4MigrationSupport,DefaultResource.txt,DefaultResource,,,,,,,,,,,Non-existent class URI included,,
EnableJUnit4MigrationSupport,DefaultResource.txt,getName,,None,,,,,,,,,,,
EnableJUnit4MigrationSupport,DefaultResource.txt,getUri,,,,,,,,,,,Non-existent class URI included,,
EnableJUnit4MigrationSupport,DefaultResource.txt,equals,,,,,,,,,,,Non-existent class Object included,,
EnableJUnit4MigrationSupport,DefaultResource.txt,hashCode,,,,,,,,,,,Non-existent class Object included,,
EnableJUnit4MigrationSupport,DefaultResource.txt,hash,error: no comment found,,,,,,,,,,,,
EnableJUnit4MigrationSupport,DefaultResource.txt,toString,,None,,,,,,,,,,,
EnableJUnit4MigrationSupport,ExceptionUtils.txt,,,None,,,,,,,,,,,
EnableJUnit4MigrationSupport,ExceptionUtils.txt,throwAsUncheckedException,,None,,,,,,,,,,,
EnableJUnit4MigrationSupport,ExceptionUtils.txt,readStackTrace,,None,,,,,,,,,,,
EnableJUnit4MigrationSupport,ExceptionUtils.txt,pruneStackTrace,,None,,,,,,,,,,,
EnableJUnit4MigrationSupport,ExceptionUtils.txt,findNestedThrowables,,None,,,,,,,,,,,
EnableJUnit4MigrationSupport,ExceptionUtils.txt,STACK_TRACE_ELEMENT_FILTER,,None,,,,,,,,,,,
EnableJUnit4MigrationSupport,ExceptionUtils.txt,throwAs,,None,,,,,,,,,,,
EnableJUnit4MigrationSupport,ExecutionCondition.txt,,,,,,,,,,,,Non-existent header file API.h included,,
EnableJUnit4MigrationSupport,ExecutionCondition.txt,evaluateExecutionCondition,,None,,,,,,,,,,,
EnableJUnit4MigrationSupport,ExecutionMode.txt,,,,,,,,,,,,Non-existent header file API.h included,,
EnableJUnit4MigrationSupport,ExecutionMode.txt,error: no method found,error: no method found,,,,,,,,,,,,
EnableJUnit4MigrationSupport,ExpectedExceptionAdapter.txt,,,,,,,,,,,,Non-existent header files included,,
EnableJUnit4MigrationSupport,ExpectedExceptionAdapter.txt,ExpectedExceptionAdapter,,,Non-existent member method included,,,,,,,,,,
EnableJUnit4MigrationSupport,ExpectedExceptionAdapter.txt,handleTestExecutionException,,,Non-existent member method included,,,,,,,,,,
EnableJUnit4MigrationSupport,ExpectedExceptionAdapter.txt,after,,,Non-existent member method included,,,,,,,,,,
EnableJUnit4MigrationSupport,ExpectedExceptionSupport.txt,,,,,,,,,,,,Non-existent header files included,,
EnableJUnit4MigrationSupport,ExpectedExceptionSupport.txt,ExpectedExceptionSupport,,,,,,,,,,,Non-existent class ExpectedException included,,
EnableJUnit4MigrationSupport,ExpectedExceptionSupport.txt,getStore,,,,,,,,,,,Non-existent class Store included,,
EnableJUnit4MigrationSupport,ExpectedExceptionSupport.txt,handleTestExecutionException,,None,,,,,,,,,,,
EnableJUnit4MigrationSupport,ExpectedExceptionSupport.txt,afterEach,,None,,,,,,,,,,,
EnableJUnit4MigrationSupport,Extension.txt,,,,,,,,,,,,Non-existent header file API.h included,,
EnableJUnit4MigrationSupport,Extension.txt,error: no method found,error: no method found,,,,,,,,,,,,
EnableJUnit4MigrationSupport,ExtensionContext.txt,,,,,,,,,,,,Non-existent header files included,,
EnableJUnit4MigrationSupport,ExtensionContext.txt,getParent,,None,,,,,,,,,,,
EnableJUnit4MigrationSupport,ExtensionContext.txt,getRoot,,None,,,,,,,,,,,
EnableJUnit4MigrationSupport,ExtensionContext.txt,getUniqueId,,None,,,,,,,,,,,
EnableJUnit4MigrationSupport,ExtensionContext.txt,getDisplayName,,None,,,,,,,,,,,
EnableJUnit4MigrationSupport,ExtensionContext.txt,getTags,,None,,,,,,,,,,,
EnableJUnit4MigrationSupport,ExtensionContext.txt,getElement,,None,,,,,,,,,,,
EnableJUnit4MigrationSupport,ExtensionContext.txt,notNull,error: no comment found,,,,,,,,,,,,
EnableJUnit4MigrationSupport,ExtensionContext.txt,getTestInstanceLifecycle,,None,,,,,,,,,,,
EnableJUnit4MigrationSupport,ExtensionContext.txt,getTestInstance,,None,,,,,,,,,,,
EnableJUnit4MigrationSupport,ExtensionContext.txt,getTestInstances,,None,,,,,,,,,,,
EnableJUnit4MigrationSupport,ExtensionContext.txt,getTestMethod,,None,,,,,,,,,,,
EnableJUnit4MigrationSupport,ExtensionContext.txt,getExecutionException,,None,,,,,,,,,,,
EnableJUnit4MigrationSupport,ExtensionContext.txt,getConfigurationParameter,,None,,,,,,,,,,,
EnableJUnit4MigrationSupport,ExtensionContext.txt,transformer,,None,,,,,,,,,,,
EnableJUnit4MigrationSupport,ExtensionContext.txt,JUnitException,error: no comment found,,,,,,,,,,,,
EnableJUnit4MigrationSupport,ExtensionContext.txt,publishReportEntry,,None,,,,,,,,,,,
EnableJUnit4MigrationSupport,ExtensionContext.txt,publishFile,,,,,,,,,,,Non-existent class MediaType included,,
EnableJUnit4MigrationSupport,ExtensionContext.txt,publishDirectory,,,,,,,,,,,Non-existent class Path included,,
EnableJUnit4MigrationSupport,ExtensionContext.txt,getStore,,,,,,,,,,,Non-existent class Namespace included,,
EnableJUnit4MigrationSupport,ExtensionContext.txt,getExecutionMode,,None,,,,,,,,,,,
EnableJUnit4MigrationSupport,ExtensionContext.txt,getExecutableInvoker,,,,,,,,,,,Non-existent class ExecutableInvoker included,,
EnableJUnit4MigrationSupport,ExternalResourceAdapter.txt,,,,,,,,,,,,Non-existent header files included,,
EnableJUnit4MigrationSupport,ExternalResourceAdapter.txt,ExternalResourceAdapter,,,Non-existent member method included,,,,,,,,,,
EnableJUnit4MigrationSupport,ExternalResourceAdapter.txt,before,,,Non-existent member method included,,,,,,,,,,
EnableJUnit4MigrationSupport,ExternalResourceAdapter.txt,after,,,Non-existent member method included,,,,,,,,,,
EnableJUnit4MigrationSupport,ExternalResourceSupport.txt,,,,,,,,,,,,Non-existent header file TestRuleSupport.h included,,
EnableJUnit4MigrationSupport,ExternalResourceSupport.txt,ExternalResourceSupport,,,,,,,,Using new as variable name,,,,,
EnableJUnit4MigrationSupport,ExternalResourceSupport.txt,beforeEach,,None,,,,,,,,,,,
EnableJUnit4MigrationSupport,ExternalResourceSupport.txt,afterEach,,None,,,,,,,,,,,
EnableJUnit4MigrationSupport,IgnoreCondition.txt,,,,,,,,,,,,Non-existent header files included,,
EnableJUnit4MigrationSupport,IgnoreCondition.txt,IgnoreCondition,,None,,,,,,,,,,,
EnableJUnit4MigrationSupport,IgnoreCondition.txt,toResult,,,,,,,,,,,Non-existent class included,,
EnableJUnit4MigrationSupport,IgnoreCondition.txt,evaluateExecutionCondition,,,Non-existent member method included,,,,,,,,,,
EnableJUnit4MigrationSupport,IgnoreCondition.txt,disabled,error: no comment found,,,,,,,,,,,,
EnableJUnit4MigrationSupport,JUnitException.txt,,,None,,,,,,,,,,,
EnableJUnit4MigrationSupport,JUnitException.txt,JUnitException,,None,,,,,,,,,,,
EnableJUnit4MigrationSupport,JUnitException.txt,runtime_error,,None,,,,,,,,,,,
EnableJUnit4MigrationSupport,Logger.txt,,,None,,,,,,,,,,,
EnableJUnit4MigrationSupport,Logger.txt,beforeAllMethod,,None,,,,,,,,,,,
EnableJUnit4MigrationSupport,Logger.txt,beforeEachCallback,,None,,,,,,,,,,,
EnableJUnit4MigrationSupport,Logger.txt,beforeEachMethod,,None,,,,,,,,,,,
EnableJUnit4MigrationSupport,Logger.txt,testMethod,,None,,,,,,,,,,,
EnableJUnit4MigrationSupport,Logger.txt,afterEachMethod,,None,,,,,,,,,,,
EnableJUnit4MigrationSupport,Logger.txt,afterEachCallback,,,Reference to non-existent method getClass()/getSimpleName(),,,,,,,,,,
EnableJUnit4MigrationSupport,Logger.txt,afterAllMethod,,None,,,,,,,,,,,
EnableJUnit4MigrationSupport,Logger.txt,log,,None,,,,,,,,,,,
EnableJUnit4MigrationSupport,LoggerFactory.txt,,,,,,Missing library file <stacktrace>,,,,,,,,
EnableJUnit4MigrationSupport,LoggerFactory.txt,getLogger,,None,,,,,,,,,,,
EnableJUnit4MigrationSupport,LoggerFactory.txt,addListener,,None,,,,,,,,,,,
EnableJUnit4MigrationSupport,LoggerFactory.txt,removeListener,,None,,,,,,,,,,,
EnableJUnit4MigrationSupport,LoggerFactory.txt,DelegatingLogger,,None,,,,,,,,,,,
EnableJUnit4MigrationSupport,LoggerFactory.txt,log,,None,,,,,,,,,,,
EnableJUnit4MigrationSupport,LoggerFactory.txt,createLogRecord,,None,,,,,,,,,,,
EnableJUnit4MigrationSupport,LoggerFactory.txt,nullSafeGet,,None,,,,,,,,,,,
EnableJUnit4MigrationSupport,LoggerFactory.txt,error,,None,,,,,,,,,,,
EnableJUnit4MigrationSupport,LoggerFactory.txt,warn,,None,,,,,,,,,,,
EnableJUnit4MigrationSupport,LoggerFactory.txt,info,,None,,,,,,,,,,,
EnableJUnit4MigrationSupport,LoggerFactory.txt,config,,None,,,,,,,,,,,
EnableJUnit4MigrationSupport,LoggerFactory.txt,debug,,None,,,,,,,,,,,
EnableJUnit4MigrationSupport,LoggerFactory.txt,trace,,None,,,,,,,,,,,
EnableJUnit4MigrationSupport,Preconditions.txt,,,None,,,,,,,,,,,
EnableJUnit4MigrationSupport,Preconditions.txt,notNull,,None,,,,,,,,,,,
EnableJUnit4MigrationSupport,Preconditions.txt,notEmpty,,None,,,,,,,,,,,
EnableJUnit4MigrationSupport,Preconditions.txt,containsNoNullElements,,,,,,,,,,"Error using pointer to traverse elements, missing array length information",,,
EnableJUnit4MigrationSupport,Preconditions.txt,notBlank,,None,,,,,,,,,,,
EnableJUnit4MigrationSupport,Preconditions.txt,condition,,None,,,,,,,,,,,
EnableJUnit4MigrationSupport,PreconditionViolationException.txt,,,,,,Missing header file <string>,,,,,,,,
EnableJUnit4MigrationSupport,PreconditionViolationException.txt,PreconditionViolationException,,None,,,,,,,,,,,
EnableJUnit4MigrationSupport,ReflectionSupport.txt,,,,,,Missing library file <any> and <set>,,,,,,,,
EnableJUnit4MigrationSupport,ReflectionSupport.txt,loadClass,,None,,,,,,,,,,,
EnableJUnit4MigrationSupport,ReflectionSupport.txt,tryToLoadClass,,None,,,,,,,,,,,
EnableJUnit4MigrationSupport,ReflectionSupport.txt,tryToGetResources,,None,,,,,,,,,,,
EnableJUnit4MigrationSupport,ReflectionSupport.txt,findAllClassesInClasspathRoot,,None,,,,,,,,,,,
EnableJUnit4MigrationSupport,ReflectionSupport.txt,findAllResourcesInClasspathRoot,,None,,,,,,,,,,,
EnableJUnit4MigrationSupport,ReflectionSupport.txt,findAllClassesInPackage,,None,,,,,,,,,,,
EnableJUnit4MigrationSupport,ReflectionSupport.txt,findAllResourcesInPackage,,None,,,,,,,,,,,
EnableJUnit4MigrationSupport,ReflectionSupport.txt,findAllClassesInModule,,None,,,,,,,,,,,
EnableJUnit4MigrationSupport,ReflectionSupport.txt,findAllResourcesInModule,,None,,,,,,,,,,,
EnableJUnit4MigrationSupport,ReflectionSupport.txt,newInstance,,None,,,,,,,,,,,
EnableJUnit4MigrationSupport,ReflectionSupport.txt,invokeMethod,,None,,,,,,,,,,,
EnableJUnit4MigrationSupport,ReflectionSupport.txt,findFields,,None,,,,,,,,,,,
EnableJUnit4MigrationSupport,ReflectionSupport.txt,findMethods,,None,,,,,,,,,,,
EnableJUnit4MigrationSupport,ReflectionSupport.txt,tryToReadFieldValue,,None,,,,,,,,,,,
EnableJUnit4MigrationSupport,ReflectionSupport.txt,findMethod,,None,,,,,,,,,,,
EnableJUnit4MigrationSupport,ReflectionSupport.txt,findNestedClasses,,None,,,,,,,,,,,
EnableJUnit4MigrationSupport,ReflectionSupport.txt,makeAccessible,,None,,,,,,,,,,,
EnableJUnit4MigrationSupport,ReflectionUtils.txt,,,None,,,,,,,,,,,
EnableJUnit4MigrationSupport,ReflectionUtils.txt,isPublic,,None,,,,,,,,,,,
EnableJUnit4MigrationSupport,ReflectionUtils.txt,isPrivate,,None,,,,,,,,,,,
EnableJUnit4MigrationSupport,ReflectionUtils.txt,isNotPrivate,,None,,,,,,,,,,,
EnableJUnit4MigrationSupport,ReflectionUtils.txt,isAbstract,,None,,,,,,,,,,,
EnableJUnit4MigrationSupport,ReflectionUtils.txt,isStatic,,None,,,,,,,,,,,
EnableJUnit4MigrationSupport,ReflectionUtils.txt,isNotStatic,,None,,,,,,,,,,,
EnableJUnit4MigrationSupport,ReflectionUtils.txt,isFinal,,None,,,,,,,,,,,
EnableJUnit4MigrationSupport,ReflectionUtils.txt,isNotFinal,,None,,,,,,,,,,,
EnableJUnit4MigrationSupport,ReflectionUtils.txt,isInnerClass,,None,,,,,,,,,,,
EnableJUnit4MigrationSupport,ReflectionUtils.txt,isRecordObject,,None,,,,,,,,,,,
EnableJUnit4MigrationSupport,ReflectionUtils.txt,isRecordClass,,None,,,,,,,,,,,
EnableJUnit4MigrationSupport,ReflectionUtils.txt,returnsPrimitiveVoid,,None,,,,,,,,,,,
EnableJUnit4MigrationSupport,ReflectionUtils.txt,isArray,,None,,,,,,,,,,,
EnableJUnit4MigrationSupport,ReflectionUtils.txt,isMultidimensionalArray,,None,,,,,,,,,,,
EnableJUnit4MigrationSupport,ReflectionUtils.txt,isAssignableTo,,None,,,,,,,,,,,
EnableJUnit4MigrationSupport,ReflectionUtils.txt,getWrapperType,,None,,,,,,,,,,,
EnableJUnit4MigrationSupport,ReflectionUtils.txt,newInstance,,None,,,,,,,,,,,
EnableJUnit4MigrationSupport,ReflectionUtils.txt,readFieldValue,,None,,,,,,,,,,,
EnableJUnit4MigrationSupport,ReflectionUtils.txt,readFieldValues,,None,,,,,,,,,,,
EnableJUnit4MigrationSupport,ReflectionUtils.txt,invokeMethod,,None,,,,,,,,,,,
EnableJUnit4MigrationSupport,ReflectionUtils.txt,loadClass,,None,,,,,,,,,,,
EnableJUnit4MigrationSupport,ReflectionUtils.txt,loadRequiredClass,,None,,,,,,,,,,,
EnableJUnit4MigrationSupport,ReflectionUtils.txt,getAllClasspathRootDirectories,,None,,,,,,,,,,,
EnableJUnit4MigrationSupport,ReflectionUtils.txt,findAllClassesInClasspathRoot,,None,,,,,,,,,,,
EnableJUnit4MigrationSupport,ReflectionUtils.txt,findAllResourcesInClasspathRoot,,None,,,,,,,,,,,
EnableJUnit4MigrationSupport,ReflectionUtils.txt,findAllClassesInPackage,,None,,,,,,,,,,,
EnableJUnit4MigrationSupport,ReflectionUtils.txt,findAllResourcesInPackage,,None,,,,,,,,,,,
EnableJUnit4MigrationSupport,ReflectionUtils.txt,findAllClassesInModule,,None,,,,,,,,,,,
EnableJUnit4MigrationSupport,ReflectionUtils.txt,findAllResourcesInModule,,None,,,,,,,,,,,
EnableJUnit4MigrationSupport,ReflectionUtils.txt,findNestedClasses,,None,,,,,,,,,,,
EnableJUnit4MigrationSupport,ReflectionUtils.txt,any,,None,,,,,,,,,,,
EnableJUnit4MigrationSupport,ReflectionUtils.txt,findFields,,None,,,,,,,,,,,
EnableJUnit4MigrationSupport,ReflectionUtils.txt,isMethodPresent,,None,,,,,,,,,,,
EnableJUnit4MigrationSupport,ReflectionUtils.txt,getAllAssignmentCompatibleClasses,,None,,,,,,,,,,,
EnableJUnit4MigrationSupport,ReflectionUtils.txt,isSearchable,,None,,,,,,,,,,,
EnableJUnit4MigrationSupport,ReflectionUtils.txt,getUnderlyingCause,,None,,,,,,,,,,,
EnableJUnit4MigrationSupport,ReflectionUtils.txt,getLegacySearchSemanticsFlag,,None,,,,,,,,,,,
EnableJUnit4MigrationSupport,Resource.txt,,,None,,,,,,,,,,,
EnableJUnit4MigrationSupport,Resource.txt,getName,,None,,,,,,,,,,,
EnableJUnit4MigrationSupport,Resource.txt,getUri,,None,,,,,,,,,,,
EnableJUnit4MigrationSupport,StringUtils.txt,,,None,,,,,,,,,,,
EnableJUnit4MigrationSupport,StringUtils.txt,isPalindrome,,None,,,,,,,,,,,
EnableJUnit4MigrationSupport,TestExecutionExceptionHandler.txt,,,None,,,,,,,,,,,
EnableJUnit4MigrationSupport,TestExecutionExceptionHandler.txt,handleTestExecutionException,error: no comment found,,,,,,,,,,,,
EnableJUnit4MigrationSupport,TestRuleAnnotatedMember.txt,,,None,,,,,,,,,,,
EnableJUnit4MigrationSupport,TestRuleAnnotatedMember.txt,getTestRule,error: no comment found,,,,,,,,,,,,
EnableJUnit4MigrationSupport,ThrowingConsumer.txt,,,None,,,,,,,,,,,
EnableJUnit4MigrationSupport,ThrowingConsumer.txt,accept,error: no comment found,,,,,,,,,,,,
EnableJUnit4MigrationSupport,ToStringBuilder.txt,,,None,,,,,,,,,,,
EnableJUnit4MigrationSupport,ToStringBuilder.txt,ToStringBuilder,,None,,,,,,,,,,,
EnableJUnit4MigrationSupport,ToStringBuilder.txt,append,,None,,,,,,,,,,,
EnableJUnit4MigrationSupport,ToStringBuilder.txt,toString,,None,,,,,,,,,,,
EnableJUnit4MigrationSupport,ToStringBuilder.txt,notBlank,error: no comment found,,,,,,,,,,,,
EnableJUnit4MigrationSupport,ToStringBuilder.txt,nullSafeToString,error: no comment found,,,,,,,,,,,,
EnableJUnit4MigrationSupport,Try.txt,,,,,,Missing header file <string>,,,,,,,,
EnableJUnit4MigrationSupport,Try.txt,call,,None,,,,,,,,,,,
EnableJUnit4MigrationSupport,Try.txt,success,,None,,,,,,,,,,,
EnableJUnit4MigrationSupport,Try.txt,failure,,None,,,,,,,,,,,
EnableJUnit4MigrationSupport,Try.txt,andThenTry,,None,,,,,,,,,,,
EnableJUnit4MigrationSupport,Try.txt,andThen,,None,,,,,,,,,,,
EnableJUnit4MigrationSupport,Try.txt,orElseTry,,None,,,,,,,,,,,
EnableJUnit4MigrationSupport,Try.txt,orElse,,None,,,,,,,,,,,
EnableJUnit4MigrationSupport,Try.txt,get,,None,,,,,,,,,,,
EnableJUnit4MigrationSupport,Try.txt,getOrThrow,,None,,,,,,,,,,,
EnableJUnit4MigrationSupport,Try.txt,ifSuccess,,None,,,,,,,,,,,
EnableJUnit4MigrationSupport,Try.txt,ifFailure,,None,,,,,,,,,,,
EnableJUnit4MigrationSupport,Try.txt,toOptional,,None,,,,,,,,,,,
EnableJUnit4MigrationSupport,Try.txt,of,,None,,,,,,,,,,,
EnableJUnit4MigrationSupport,Try.txt,checkNotNull,,None,,,,,,,,,,,
EnableJUnit4MigrationSupport,Try.txt,Success,,None,,,,,,,,,,,
EnableJUnit4MigrationSupport,Try.txt,Failure,,None,,,,,,,,,,,
EnableJUnit4MigrationSupport,Try.txt,uncheckedCast,error: no comment found,,,,,,,,,,,,
EnableJUnit4MigrationSupport,Try.txt,invalid_argument,error: no comment found,,,,,,,,,,,,
EnableJUnit4MigrationSupport,Try.txt,rethrow_exception,error: no comment found,,,,,,,,,,,,
EnableJUnit4MigrationSupport,VerifierAdapter.txt,,,None,,,,,,,,,,,
EnableJUnit4MigrationSupport,VerifierAdapter.txt,VerifierAdapter,,None,,,,,,,,,,,
EnableJUnit4MigrationSupport,VerifierAdapter.txt,after,,None,,,,,,,,,,,
EnableJUnit4MigrationSupport,VerifierSupport.txt,,,None,,,,,,,,,,,
EnableJUnit4MigrationSupport,VerifierSupport.txt,VerifierSupport,,None,,,,,,,,,,,
EnableJUnit4MigrationSupport,VerifierSupport.txt,afterEach,,None,,,,,,,,,,,
HoverMenuService,error: translated dir not found,,error: translated dir not found,,,,,,,,,,,,
IntMath,Converter.txt,,error: no overall comment found,,,,,,,,,,,,
IntMath,Converter.txt,doForward,,None,,,,,,,,,,,
IntMath,Converter.txt,doBackward,,None,,,,,,,,,,,
IntMath,Converter.txt,forwardFunction_,error: no comment found,,,,,,,,,,,,
IntMath,Converter.txt,backwardFunction_,error: no comment found,,,,,,,,,,,,
IntMath,IntMath.txt,,error: no overall comment found,,,,,,,,,,,,
IntMath,IntMath.txt,ceilingPowerOfTwo,,None,,,,,,,,,,,
IntMath,IntMath.txt,floorPowerOfTwo,,None,,,,,,,,,,,
IntMath,IntMath.txt,isPowerOfTwo,,None,,,,,,,,,,,
IntMath,IntMath.txt,lessThanBranchFree,,None,,,,,,,,,,,
IntMath,IntMath.txt,log2,,,,,,,,Non-existent data types 'RoundingMode',,,,,
IntMath,IntMath.txt,log10,,,,,,,,Non-existent data types 'RoundingMode',,,,,
IntMath,IntMath.txt,pow,,None,,,,,,,,,,,
IntMath,IntMath.txt,sqrt,,,,,,,,Non-existent data types 'RoundingMode',,,,,
IntMath,IntMath.txt,divide,,,,,,,,Non-existent data types 'RoundingMode',,,,,
IntMath,IntMath.txt,mod,,None,,,,,,,,,,,
IntMath,IntMath.txt,gcd,,None,,,,,,,,,,,
IntMath,IntMath.txt,checkedAdd,,None,,,,,,,,,,,
IntMath,IntMath.txt,checkedSubtract,,None,,,,,,,,,,,
IntMath,IntMath.txt,checkedMultiply,,None,,,,,,,,,,,
IntMath,IntMath.txt,checkedPow,,None,,,,,,,,,,,
IntMath,IntMath.txt,saturatedAdd,,None,,,,,,,,,,,
IntMath,IntMath.txt,saturatedSubtract,,None,,,,,,,,,,,
IntMath,IntMath.txt,saturatedMultiply,,None,,,,,,,,,,,
IntMath,IntMath.txt,saturatedPow,,None,,,,,,,,,,,
IntMath,IntMath.txt,factorial,,None,,,,,,,,,,,
IntMath,IntMath.txt,binomial,,None,,,,,,,,,,,
IntMath,IntMath.txt,mean,,None,,,,,,,,,,,
IntMath,IntMath.txt,isPrime,,None,,,,,,,,,,,
IntMath,IntMath.txt,log10Floor,,None,,,,,,,,,,,
IntMath,IntMath.txt,sqrtFloor,,None,,,,,,,,,,,
IntMath,IntMath.txt,invalid_argument,error: no comment found,,,,,,,,,,,,
IntMath,IntMath.txt,min,error: no comment found,,,,,,,,,,,,
IntMath,Ints.txt,,error: no overall comment found,,,,,,,,,,,,
IntMath,Ints.txt,hashCode,,None,,,,,,,,,,,
IntMath,Ints.txt,checkedCast,,None,,,,,,,,,,,
IntMath,Ints.txt,saturatedCast,,None,,,,,,,,,,,
IntMath,Ints.txt,compare,,None,,,,,,,,,,,
IntMath,Ints.txt,contains,,None,,,,,,,,,,,
IntMath,Ints.txt,indexOf,,None,,,,,,,,,,,
IntMath,Ints.txt,lastIndexOf,,None,,,,,,,,,,,
IntMath,Ints.txt,min,,None,,,,,,,,,,,
IntMath,Ints.txt,max,,None,,,,,,,,,,,
IntMath,Ints.txt,constrainToRange,,None,,,,,,,,,,,
IntMath,Ints.txt,concat,,None,,,,,,,,,,,
IntMath,Ints.txt,toByteArray,,None,,,,,,,,,,,
IntMath,Ints.txt,fromByteArray,,None,,,,,,,,,,,
IntMath,Ints.txt,fromBytes,,None,,,,,,,,,,,
IntMath,Ints.txt,ensureCapacity,,None,,,,,,,,,,,
IntMath,Ints.txt,join,,None,,,,,,,,,,,
IntMath,Ints.txt,sortDescending,,None,,,,,,,,,,,
IntMath,Ints.txt,reverse,,None,,,,,,,,,,,
IntMath,Ints.txt,rotate,,None,,,,,,,,,,,
IntMath,Ints.txt,toArray,,None,,,,,,,,,,,
IntMath,Ints.txt,asList,,None,,,,,,,,,,,
IntMath,Ints.txt,tryParse,,None,,,,,,,,,,,
IntMath,Ints.txt,checkNoOverflow,,None,,,,,,,,,,,
IntMath,Ints.txt,invalid_argument,error: no comment found,,,,,,,,,,,,
IntMath,Ints.txt,copy,error: no comment found,,,,,,,,,,,,
IntMath,Ints.txt,sort,error: no comment found,,,,,,,,,,,,
IntMath,Ints.txt,stoi,error: no comment found,,,,,,,,,,,,
IntMath,MathPreconditions.txt,,"invalid tag: referencing non-existent header file ""gmpxx.h""",,,,,,,,,,,,
IntMath,MathPreconditions.txt,checkPositive,,None,,,,,,,,,,,
IntMath,MathPreconditions.txt,checkNonNegative,,None,,,,,,,,,,,
IntMath,MathPreconditions.txt,checkRoundingUnnecessary,,None,,,,,,,,,,,
IntMath,MathPreconditions.txt,checkInRangeForRoundingInputs,,None,,,,,,,,,,,
IntMath,MathPreconditions.txt,checkNoOverflow,,None,,,,,,,,,,,
IntMath,MathPreconditions.txt,invalid_argument,error: no comment found,,,,,,,,,,,,
IntMath,MathPreconditions.txt,arithmetic_error,error: no comment found,,,,,,,,,,,,
IntMath,NullnessCasts.txt,,error: no overall comment found,,,,,,,,,,,,
IntMath,NullnessCasts.txt,uncheckedCastNullableTToT,,None,,,,,,,,,,,
IntMath,Preconditions.txt,,error: no overall comment found,,,,,,,,,,,,
IntMath,Preconditions.txt,checkArgument,,None,,,,,,,,,,,
IntMath,Preconditions.txt,checkState,,None,,,,,,,,,,,
IntMath,Preconditions.txt,checkNotNull,,None,,,,,,,,,,,
IntMath,Preconditions.txt,checkElementIndex,,None,,,,,,,,,,,
IntMath,Preconditions.txt,checkPositionIndex,,None,,,,,,,,,,,
IntMath,Preconditions.txt,checkPositionIndexes,,None,,,,,,,,,,,
IntMath,Preconditions.txt,lenientFormat,,None,,,,,,,,,,,
IntMath,Preconditions.txt,badElementIndex,,None,,,,,,,,,,,
IntMath,Preconditions.txt,badPositionIndex,,,,"no instance of the overloaded function ""Preconditions::lenientFormat"" that matches the argument list.",,,,,,,,,
IntMath,Preconditions.txt,badPositionIndexes,,,,"no instance of the overloaded function ""Preconditions::lenientFormat"" that matches the argument list.",,,,,,,,,
IntMath,Preconditions.txt,invalid_argument,error: no comment found,,,,,,,,,,,,
IntMath,Preconditions.txt,runtime_error,error: no comment found,,,,,,,,,,,,
IntMath,Preconditions.txt,out_of_range,error: no comment found,,,,,,,,,,,,
IntMath,Strings.txt,,error: no overall comment found,,,,,,,,,,,,
IntMath,Strings.txt,nullToEmpty,,None,,,,,,,,,,,
IntMath,Strings.txt,emptyToNull,,None,,,,,,,,,,,
IntMath,Strings.txt,isNullOrEmpty,,None,,,,,,,,,,,
IntMath,Strings.txt,padStart,,None,,,,,,,,,,,
IntMath,Strings.txt,padEnd,,None,,,,,,,,,,,
IntMath,Strings.txt,repeat,,None,,,,,,,,,,,
IntMath,Strings.txt,commonPrefix,,None,,,,,,,,,,,
IntMath,Strings.txt,commonSuffix,,None,,,,,,,,,,,
IntMath,Strings.txt,lenientFormat,,None,,,,,,,,,,,
IntMath,Strings.txt,validSurrogatePairAt,,None,,,,,,,,,,,
IntMath,Strings.txt,lenientToString,,None,,,,,,,,,,,
NoopIndexDAO,AbstractType.txt,,error: no overall comment found,,,,,,,,,,,,
NoopIndexDAO,AbstractType.txt,AbstractType,error: no comment found,,,,,,,,,,,,
NoopIndexDAO,AbstractType.txt,getJavaType,error: no comment found,,,,,,,,,,,,
NoopIndexDAO,AbstractType.txt,getJavaProtoType,error: no comment found,,,,,,,,,,,,
NoopIndexDAO,AbstractType.txt,getProtoType,error: no comment found,,,,,,,,,,,,
NoopIndexDAO,AbstractType.txt,getRawJavaType,error: no comment found,,,,,,,,,,,,
NoopIndexDAO,AbstractType.txt,mapToProto,error: no comment found,,,,,,,,,,,,
NoopIndexDAO,AbstractType.txt,mapFromProto,error: no comment found,,,,,,,,,,,,
NoopIndexDAO,AbstractType.txt,getDependencies,error: no comment found,,,,,,,,,,,,
NoopIndexDAO,AbstractType.txt,generateAbstractMethods,error: no comment found,,,,,,,,,,,,
NoopIndexDAO,AbstractType.txt,javaMethodName,error: no comment found,,,,,,,,,,,,
NoopIndexDAO,AbstractType.txt,convert,error: no comment found,,,,,,,,,,,,
NoopIndexDAO,AbstractType.txt,isWordBoundary,error: no comment found,,,,,,,,,,,,
NoopIndexDAO,AbstractType.txt,findWordBoundary,error: no comment found,,,,,,,,,,,,
NoopIndexDAO,AbstractType.txt,normalizeWord,error: no comment found,,,,,,,,,,,,
NoopIndexDAO,AbstractType.txt,protoMethodName,error: no comment found,,,,,,,,,,,,
NoopIndexDAO,AbstractType.txt,isupper,error: no comment found,,,,,,,,,,,,
NoopIndexDAO,AbstractType.txt,string,error: no comment found,,,,,,,,,,,,
NoopIndexDAO,Auditable.txt,,error: no overall comment found,,,,,,,,,,,,
NoopIndexDAO,Auditable.txt,getOwnerApp,error: no comment found,,,,,,,,,,,,
NoopIndexDAO,Auditable.txt,setOwnerApp,error: no comment found,,,,,,,,,,,,
NoopIndexDAO,Auditable.txt,getCreateTime,error: no comment found,,,,,,,,,,,,
NoopIndexDAO,Auditable.txt,setCreateTime,error: no comment found,,,,,,,,,,,,
NoopIndexDAO,Auditable.txt,getUpdateTime,error: no comment found,,,,,,,,,,,,
NoopIndexDAO,Auditable.txt,setUpdateTime,error: no comment found,,,,,,,,,,,,
NoopIndexDAO,Auditable.txt,getCreatedBy,error: no comment found,,,,,,,,,,,,
NoopIndexDAO,Auditable.txt,setCreatedBy,error: no comment found,,,,,,,,,,,,
NoopIndexDAO,Auditable.txt,getUpdatedBy,error: no comment found,,,,,,,,,,,,
NoopIndexDAO,Auditable.txt,setUpdatedBy,error: no comment found,,,,,,,,,,,,
NoopIndexDAO,EventExecution.txt,,error: no overall comment found,,,,,,,,,,,,
NoopIndexDAO,EventExecution.txt,EventExecution,error: no comment found,,,,,,,,,,,,
NoopIndexDAO,EventExecution.txt,getId,error: no comment found,,,,,,,,,,,,
NoopIndexDAO,EventExecution.txt,setId,error: no comment found,,,,,,,,,,,,
NoopIndexDAO,EventExecution.txt,getMessageId,error: no comment found,,,,,,,,,,,,
NoopIndexDAO,EventExecution.txt,setMessageId,error: no comment found,,,,,,,,,,,,
NoopIndexDAO,EventExecution.txt,getName,error: no comment found,,,,,,,,,,,,
NoopIndexDAO,EventExecution.txt,setName,error: no comment found,,,,,,,,,,,,
NoopIndexDAO,EventExecution.txt,getEvent,error: no comment found,,,,,,,,,,,,
NoopIndexDAO,EventExecution.txt,setEvent,error: no comment found,,,,,,,,,,,,
NoopIndexDAO,EventExecution.txt,getCreated,error: no comment found,,,,,,,,,,,,
NoopIndexDAO,EventExecution.txt,setCreated,error: no comment found,,,,,,,,,,,,
NoopIndexDAO,EventExecution.txt,getStatus,error: no comment found,,,,,,,,,,,,
NoopIndexDAO,EventExecution.txt,setStatus,error: no comment found,,,,,,,,,,,,
NoopIndexDAO,EventExecution.txt,getAction,error: no comment found,,,,,,,,,,,,
NoopIndexDAO,EventExecution.txt,setAction,error: no comment found,,,,,,,,,,,,
NoopIndexDAO,EventExecution.txt,setOutput,error: no comment found,,,,,,,,,,,,
NoopIndexDAO,EventExecution.txt,hash,error: no comment found,,,,,,,,,,,,
NoopIndexDAO,IndexDAO.txt,,error: no overall comment found,,,,,,,,,,,,
NoopIndexDAO,IndexDAO.txt,setup,error: no comment found,,,,,,,,,,,,
NoopIndexDAO,IndexDAO.txt,indexWorkflow,error: no comment found,,,,,,,,,,,,
NoopIndexDAO,IndexDAO.txt,asyncIndexWorkflow,error: no comment found,,,,,,,,,,,,
NoopIndexDAO,IndexDAO.txt,indexTask,error: no comment found,,,,,,,,,,,,
NoopIndexDAO,IndexDAO.txt,asyncIndexTask,error: no comment found,,,,,,,,,,,,
NoopIndexDAO,IndexDAO.txt,searchWorkflows,error: no comment found,,,,,,,,,,,,
NoopIndexDAO,IndexDAO.txt,searchWorkflowSummary,error: no comment found,,,,,,,,,,,,
NoopIndexDAO,IndexDAO.txt,searchTasks,error: no comment found,,,,,,,,,,,,
NoopIndexDAO,IndexDAO.txt,searchTaskSummary,error: no comment found,,,,,,,,,,,,
NoopIndexDAO,IndexDAO.txt,removeWorkflow,error: no comment found,,,,,,,,,,,,
NoopIndexDAO,IndexDAO.txt,asyncRemoveWorkflow,error: no comment found,,,,,,,,,,,,
NoopIndexDAO,IndexDAO.txt,updateWorkflow,error: no comment found,,,,,,,,,,,,
NoopIndexDAO,IndexDAO.txt,asyncUpdateWorkflow,error: no comment found,,,,,,,,,,,,
NoopIndexDAO,IndexDAO.txt,removeTask,error: no comment found,,,,,,,,,,,,
NoopIndexDAO,IndexDAO.txt,asyncRemoveTask,error: no comment found,,,,,,,,,,,,
NoopIndexDAO,IndexDAO.txt,updateTask,error: no comment found,,,,,,,,,,,,
NoopIndexDAO,IndexDAO.txt,asyncUpdateTask,error: no comment found,,,,,,,,,,,,
NoopIndexDAO,IndexDAO.txt,get,error: no comment found,,,,,,,,,,,,
NoopIndexDAO,IndexDAO.txt,addTaskExecutionLogs,error: no comment found,,,,,,,,,,,,
NoopIndexDAO,IndexDAO.txt,asyncAddTaskExecutionLogs,error: no comment found,,,,,,,,,,,,
NoopIndexDAO,IndexDAO.txt,getTaskExecutionLogs,error: no comment found,,,,,,,,,,,,
NoopIndexDAO,IndexDAO.txt,addEventExecution,error: no comment found,,,,,,,,,,,,
NoopIndexDAO,IndexDAO.txt,getEventExecutions,error: no comment found,,,,,,,,,,,,
NoopIndexDAO,IndexDAO.txt,asyncAddEventExecution,error: no comment found,,,,,,,,,,,,
NoopIndexDAO,IndexDAO.txt,addMessage,error: no comment found,,,,,,,,,,,,
NoopIndexDAO,IndexDAO.txt,asyncAddMessage,error: no comment found,,,,,,,,,,,,
NoopIndexDAO,IndexDAO.txt,getMessages,error: no comment found,,,,,,,,,,,,
NoopIndexDAO,IndexDAO.txt,searchArchivableWorkflows,error: no comment found,,,,,,,,,,,,
NoopIndexDAO,IndexDAO.txt,getWorkflowCount,error: no comment found,,,,,,,,,,,,
NoopIndexDAO,JsonProtoModule.txt,,error: no overall comment found,,,,,,,,,,,,
NoopIndexDAO,JsonProtoModule.txt,JsonProtoModule,error: no comment found,,,,,,,,,,,,
NoopIndexDAO,JsonProtoModule.txt,serialize,error: no comment found,,,,,,,,,,,,
NoopIndexDAO,JsonProtoModule.txt,deserialize,error: no comment found,,,,,,,,,,,,
NoopIndexDAO,JsonProtoModule.txt,invalid_argument,error: no comment found,,,,,,,,,,,,
NoopIndexDAO,Message.txt,,error: no overall comment found,,,,,,,,,,,,
NoopIndexDAO,Message.txt,Message,error: no comment found,,,,,,,,,,,,
NoopIndexDAO,Message.txt,getAnnotation,error: no comment found,,,,,,,,,,,,
NoopIndexDAO,Message.txt,getProtoClass,error: no comment found,,,,,,,,,,,,
NoopIndexDAO,Message.txt,javaMapToProto,error: no comment found,,,,,,,,,,,,
NoopIndexDAO,Message.txt,javaMapFromProto,error: no comment found,,,,,,,,,,,,
NoopIndexDAO,MessageType.txt,,error: no overall comment found,,,,,,,,,,,,
NoopIndexDAO,MessageType.txt,MessageType,error: no comment found,,,,,,,,,,,,
NoopIndexDAO,MessageType.txt,getProtoFilePath,error: no comment found,,,,,,,,,,,,
NoopIndexDAO,MessageType.txt,isEnum,error: no comment found,,,,,,,,,,,,
NoopIndexDAO,MessageType.txt,getProtoType,error: no comment found,,,,,,,,,,,,
NoopIndexDAO,MessageType.txt,accumulate,error: no comment found,,,,,,,,,,,,
NoopIndexDAO,MessageType.txt,getRawJavaType,error: no comment found,,,,,,,,,,,,
NoopIndexDAO,MessageType.txt,mapToProto,error: no comment found,,,,,,,,,,,,
NoopIndexDAO,MessageType.txt,mapFromProto,error: no comment found,,,,,,,,,,,,
NoopIndexDAO,MessageType.txt,getDependencies,error: no comment found,,,,,,,,,,,,
NoopIndexDAO,MessageType.txt,generateAbstractMethods,error: no comment found,,,,,,,,,,,,
NoopIndexDAO,NoopIndexDAO.txt,,error: no overall comment found,,,,,,,,,,,,
NoopIndexDAO,NoopIndexDAO.txt,setup,error: no comment found,,,,,,,,,,,,
NoopIndexDAO,NoopIndexDAO.txt,indexWorkflow,error: no comment found,,,,,,,,,,,,
NoopIndexDAO,NoopIndexDAO.txt,asyncIndexWorkflow,error: no comment found,,,,,,,,,,,,
NoopIndexDAO,NoopIndexDAO.txt,async,error: no comment found,,,,,,,,,,,,
NoopIndexDAO,NoopIndexDAO.txt,indexTask,error: no comment found,,,,,,,,,,,,
NoopIndexDAO,NoopIndexDAO.txt,asyncIndexTask,error: no comment found,,,,,,,,,,,,
NoopIndexDAO,NoopIndexDAO.txt,searchWorkflows,error: no comment found,,,,,,,,,,,,
NoopIndexDAO,NoopIndexDAO.txt,searchWorkflowSummary,error: no comment found,,,,,,,,,,,,
NoopIndexDAO,NoopIndexDAO.txt,searchTasks,error: no comment found,,,,,,,,,,,,
NoopIndexDAO,NoopIndexDAO.txt,searchTaskSummary,error: no comment found,,,,,,,,,,,,
NoopIndexDAO,NoopIndexDAO.txt,removeWorkflow,error: no comment found,,,,,,,,,,,,
NoopIndexDAO,NoopIndexDAO.txt,asyncRemoveWorkflow,error: no comment found,,,,,,,,,,,,
NoopIndexDAO,NoopIndexDAO.txt,updateWorkflow,error: no comment found,,,,,,,,,,,,
NoopIndexDAO,NoopIndexDAO.txt,asyncUpdateWorkflow,error: no comment found,,,,,,,,,,,,
NoopIndexDAO,NoopIndexDAO.txt,removeTask,error: no comment found,,,,,,,,,,,,
NoopIndexDAO,NoopIndexDAO.txt,asyncRemoveTask,error: no comment found,,,,,,,,,,,,
NoopIndexDAO,NoopIndexDAO.txt,updateTask,error: no comment found,,,,,,,,,,,,
NoopIndexDAO,NoopIndexDAO.txt,asyncUpdateTask,error: no comment found,,,,,,,,,,,,
NoopIndexDAO,NoopIndexDAO.txt,get,error: no comment found,,,,,,,,,,,,
NoopIndexDAO,NoopIndexDAO.txt,string,error: no comment found,,,,,,,,,,,,
NoopIndexDAO,NoopIndexDAO.txt,addTaskExecutionLogs,error: no comment found,,,,,,,,,,,,
NoopIndexDAO,NoopIndexDAO.txt,asyncAddTaskExecutionLogs,error: no comment found,,,,,,,,,,,,
NoopIndexDAO,NoopIndexDAO.txt,getTaskExecutionLogs,error: no comment found,,,,,,,,,,,,
NoopIndexDAO,NoopIndexDAO.txt,addEventExecution,error: no comment found,,,,,,,,,,,,
NoopIndexDAO,NoopIndexDAO.txt,getEventExecutions,error: no comment found,,,,,,,,,,,,
NoopIndexDAO,NoopIndexDAO.txt,asyncAddEventExecution,error: no comment found,,,,,,,,,,,,
NoopIndexDAO,NoopIndexDAO.txt,addMessage,error: no comment found,,,,,,,,,,,,
NoopIndexDAO,NoopIndexDAO.txt,asyncAddMessage,error: no comment found,,,,,,,,,,,,
NoopIndexDAO,NoopIndexDAO.txt,getMessages,error: no comment found,,,,,,,,,,,,
NoopIndexDAO,NoopIndexDAO.txt,searchArchivableWorkflows,error: no comment found,,,,,,,,,,,,
NoopIndexDAO,NoopIndexDAO.txt,getWorkflowCount,error: no comment found,,,,,,,,,,,,
NoopIndexDAO,ObjectMapperProvider.txt,,error: no overall comment found,,,,,,,,,,,,
NoopIndexDAO,ObjectMapperProvider.txt,getObjectMapper,error: no comment found,,,,,,,,,,,,
NoopIndexDAO,ObjectMapperProvider.txt,_getObjectMapper,error: no comment found,,,,,,,,,,,,
NoopIndexDAO,SchemaDef.txt,,error: no overall comment found,,,,,,,,,,,,
NoopIndexDAO,SchemaDef.txt,SchemaDef,error: no comment found,,,,,,,,,,,,
NoopIndexDAO,SchemaDef.txt,getName,error: no comment found,,,,,,,,,,,,
NoopIndexDAO,SchemaDef.txt,setName,error: no comment found,,,,,,,,,,,,
NoopIndexDAO,SchemaDef.txt,getVersion,error: no comment found,,,,,,,,,,,,
NoopIndexDAO,SchemaDef.txt,setVersion,error: no comment found,,,,,,,,,,,,
NoopIndexDAO,SchemaDef.txt,getType,error: no comment found,,,,,,,,,,,,
NoopIndexDAO,SchemaDef.txt,setType,error: no comment found,,,,,,,,,,,,
NoopIndexDAO,SchemaDef.txt,setData,error: no comment found,,,,,,,,,,,,
NoopIndexDAO,SchemaDef.txt,getExternalRef,error: no comment found,,,,,,,,,,,,
NoopIndexDAO,SchemaDef.txt,setExternalRef,error: no comment found,,,,,,,,,,,,
NoopIndexDAO,SchemaDef.txt,~SchemaDef,error: no comment found,,,,,,,,,,,,
NoopIndexDAO,SearchResult.txt,,error: no overall comment found,,,,,,,,,,,,
NoopIndexDAO,SearchResult.txt,SearchResult,error: no comment found,,,,,,,,,,,,
NoopIndexDAO,SearchResult.txt,getTotalHits,error: no comment found,,,,,,,,,,,,
NoopIndexDAO,SearchResult.txt,getResults,error: no comment found,,,,,,,,,,,,
NoopIndexDAO,SearchResult.txt,setTotalHits,error: no comment found,,,,,,,,,,,,
NoopIndexDAO,SearchResult.txt,setResults,error: no comment found,,,,,,,,,,,,
NoopIndexDAO,SummaryUtil.txt,,error: no overall comment found,,,,,,,,,,,,
NoopIndexDAO,SummaryUtil.txt,init,error: no comment found,,,,,,,,,,,,
NoopIndexDAO,SummaryUtil.txt,serializeInputOutput,error: no comment found,,,,,,,,,,,,
NoopIndexDAO,SummaryUtil.txt,runtime_error,error: no comment found,,,,,,,,,,,,
NoopIndexDAO,Task.txt,,,None,,,,,,,,,,,
NoopIndexDAO,Task.txt,Task,,None,,,,,,,,,,,
NoopIndexDAO,Task.txt,getTaskType,,None,,,,,,,,,,,
NoopIndexDAO,Task.txt,setTaskType,,None,,,,,,,,,,,
NoopIndexDAO,Task.txt,getStatus,,None,,,,,,,,,,,
NoopIndexDAO,Task.txt,setStatus,,None,,,,,,,,,,,
NoopIndexDAO,Task.txt,setInputData,,None,,,,,,,,,,,
NoopIndexDAO,Task.txt,getReferenceTaskName,,None,,,,,,,,,,,
NoopIndexDAO,Task.txt,setReferenceTaskName,,None,,,,,,,,,,,
NoopIndexDAO,Task.txt,getCorrelationId,,None,,,,,,,,,,,
NoopIndexDAO,Task.txt,setCorrelationId,,None,,,,,,,,,,,
NoopIndexDAO,Task.txt,getRetryCount,,None,,,,,,,,,,,
NoopIndexDAO,Task.txt,setRetryCount,,None,,,,,,,,,,,
NoopIndexDAO,Task.txt,getScheduledTime,,None,,,,,,,,,,,
NoopIndexDAO,Task.txt,setScheduledTime,,None,,,,,,,,,,,
NoopIndexDAO,Task.txt,getStartTime,,None,,,,,,,,,,,
NoopIndexDAO,Task.txt,setStartTime,,None,,,,,,,,,,,
NoopIndexDAO,Task.txt,getEndTime,,None,,,,,,,,,,,
NoopIndexDAO,Task.txt,setEndTime,,None,,,,,,,,,,,
NoopIndexDAO,Task.txt,getStartDelayInSeconds,,None,,,,,,,,,,,
NoopIndexDAO,Task.txt,setStartDelayInSeconds,,None,,,,,,,,,,,
NoopIndexDAO,Task.txt,getRetriedTaskId,,None,,,,,,,,,,,
NoopIndexDAO,Task.txt,setRetriedTaskId,,None,,,,,,,,,,,
NoopIndexDAO,Task.txt,getSeq,,None,,,,,,,,,,,
NoopIndexDAO,Task.txt,setSeq,,None,,,,,,,,,,,
NoopIndexDAO,Task.txt,getUpdateTime,,None,,,,,,,,,,,
NoopIndexDAO,Task.txt,setUpdateTime,,None,,,,,,,,,,,
NoopIndexDAO,Task.txt,getQueueWaitTime,,None,,,,,,,,,,,
NoopIndexDAO,Task.txt,isRetried,,None,,,,,,,,,,,
NoopIndexDAO,Task.txt,setRetried,,None,,,,,,,,,,,
NoopIndexDAO,Task.txt,isExecuted,,None,,,,,,,,,,,
NoopIndexDAO,Task.txt,setExecuted,,None,,,,,,,,,,,
NoopIndexDAO,Task.txt,getPollCount,,None,,,,,,,,,,,
NoopIndexDAO,Task.txt,setPollCount,,None,,,,,,,,,,,
NoopIndexDAO,Task.txt,incrementPollCount,,None,,,,,,,,,,,
NoopIndexDAO,Task.txt,isCallbackFromWorker,,None,,,,,,,,,,,
NoopIndexDAO,Task.txt,setCallbackFromWorker,,None,,,,,,,,,,,
NoopIndexDAO,Task.txt,getTaskDefName,,None,,,,,,,,,,,
NoopIndexDAO,Task.txt,setTaskDefName,,None,,,,,,,,,,,
NoopIndexDAO,Task.txt,getResponseTimeoutSeconds,,None,,,,,,,,,,,
NoopIndexDAO,Task.txt,setResponseTimeoutSeconds,,None,,,,,,,,,,,
NoopIndexDAO,Task.txt,getWorkflowInstanceId,,None,,,,,,,,,,,
NoopIndexDAO,Task.txt,setWorkflowInstanceId,,None,,,,,,,,,,,
NoopIndexDAO,Task.txt,getWorkflowType,,None,,,,,,,,,,,
NoopIndexDAO,Task.txt,setWorkflowType,,None,,,,,,,,,,,
NoopIndexDAO,Task.txt,getTaskId,,None,,,,,,,,,,,
NoopIndexDAO,Task.txt,setTaskId,,None,,,,,,,,,,,
NoopIndexDAO,Task.txt,getReasonForIncompletion,,None,,,,,,,,,,,
NoopIndexDAO,Task.txt,setReasonForIncompletion,,None,,,,,,,,,,,
NoopIndexDAO,Task.txt,getCallbackAfterSeconds,,None,,,,,,,,,,,
NoopIndexDAO,Task.txt,setCallbackAfterSeconds,,None,,,,,,,,,,,
NoopIndexDAO,Task.txt,getWorkerId,,None,,,,,,,,,,,
NoopIndexDAO,Task.txt,setWorkerId,,None,,,,,,,,,,,
NoopIndexDAO,Task.txt,setOutputData,,None,,,,,,,,,,,
NoopIndexDAO,Task.txt,getWorkflowTask,,None,,,,,,,,,,,
NoopIndexDAO,Task.txt,setWorkflowTask,,None,,,,,,,,,,,
NoopIndexDAO,Task.txt,getDomain,,None,,,,,,,,,,,
NoopIndexDAO,Task.txt,setDomain,,None,,,,,,,,,,,
NoopIndexDAO,Task.txt,getInputMessage,,None,,,,,,,,,,,
NoopIndexDAO,Task.txt,setInputMessage,,None,,,,,,,,,,,
NoopIndexDAO,Task.txt,getOutputMessage,,None,,,,,,,,,,,
NoopIndexDAO,Task.txt,setOutputMessage,,None,,,,,,,,,,,
NoopIndexDAO,Task.txt,getRateLimitPerFrequency,,None,,,,,,,,,,,
NoopIndexDAO,Task.txt,setRateLimitPerFrequency,,None,,,,,,,,,,,
NoopIndexDAO,Task.txt,getRateLimitFrequencyInSeconds,,None,,,,,,,,,,,
NoopIndexDAO,Task.txt,setRateLimitFrequencyInSeconds,,None,,,,,,,,,,,
NoopIndexDAO,Task.txt,getExternalInputPayloadStoragePath,,None,,,,,,,,,,,
NoopIndexDAO,Task.txt,setExternalInputPayloadStoragePath,,None,,,,,,,,,,,
NoopIndexDAO,Task.txt,getExternalOutputPayloadStoragePath,,None,,,,,,,,,,,
NoopIndexDAO,Task.txt,setExternalOutputPayloadStoragePath,,None,,,,,,,,,,,
NoopIndexDAO,Task.txt,getWorkflowPriority,,None,,,,,,,,,,,
NoopIndexDAO,Task.txt,setWorkflowPriority,,None,,,,,,,,,,,
NoopIndexDAO,Task.txt,getExecutionNameSpace,,None,,,,,,,,,,,
NoopIndexDAO,Task.txt,setExecutionNameSpace,,None,,,,,,,,,,,
NoopIndexDAO,Task.txt,getIsolationGroupId,,None,,,,,,,,,,,
NoopIndexDAO,Task.txt,setIsolationGroupId,,None,,,,,,,,,,,
NoopIndexDAO,Task.txt,getIteration,,None,,,,,,,,,,,
NoopIndexDAO,Task.txt,setIteration,,None,,,,,,,,,,,
NoopIndexDAO,Task.txt,isLoopOverTask,,None,,,,,,,,,,,
NoopIndexDAO,Task.txt,getSubWorkflowId,,None,,,,,,,,,,,
NoopIndexDAO,Task.txt,setSubWorkflowId,,None,,,,,,,,,,,
NoopIndexDAO,Task.txt,isSubworkflowChanged,,None,,,,,,,,,,,
NoopIndexDAO,Task.txt,setSubworkflowChanged,,None,,,,,,,,,,,
NoopIndexDAO,Task.txt,getParentTaskId,,None,,,,,,,,,,,
NoopIndexDAO,Task.txt,setParentTaskId,,None,,,,,,,,,,,
NoopIndexDAO,Task.txt,getFirstStartTime,,None,,,,,,,,,,,
NoopIndexDAO,Task.txt,setFirstStartTime,,None,,,,,,,,,,,
NoopIndexDAO,Task.txt,copy,,None,,,,,,,,,,,
NoopIndexDAO,Task.txt,deepCopy,,None,,,,,,,,,,,
NoopIndexDAO,TaskDef.txt,,,None,,,,,,,,,,,
NoopIndexDAO,TaskDef.txt,TaskDef,,None,,,,,,,,,,,
NoopIndexDAO,TaskDef.txt,getName,,None,,,,,,,,,,,
NoopIndexDAO,TaskDef.txt,setName,,None,,,,,,,,,,,
NoopIndexDAO,TaskDef.txt,getDescription,,None,,,,,,,,,,,
NoopIndexDAO,TaskDef.txt,setDescription,,None,,,,,,,,,,,
NoopIndexDAO,TaskDef.txt,getRetryCount,,None,,,,,,,,,,,
NoopIndexDAO,TaskDef.txt,setRetryCount,,None,,,,,,,,,,,
NoopIndexDAO,TaskDef.txt,getTimeoutSeconds,,None,,,,,,,,,,,
NoopIndexDAO,TaskDef.txt,setTimeoutSeconds,,None,,,,,,,,,,,
NoopIndexDAO,TaskDef.txt,getInputKeys,,None,,,,,,,,,,,
NoopIndexDAO,TaskDef.txt,setInputKeys,,None,,,,,,,,,,,
NoopIndexDAO,TaskDef.txt,getOutputKeys,,None,,,,,,,,,,,
NoopIndexDAO,TaskDef.txt,setOutputKeys,,None,,,,,,,,,,,
NoopIndexDAO,TaskDef.txt,getTimeoutPolicy,,None,,,,,,,,,,,
NoopIndexDAO,TaskDef.txt,setTimeoutPolicy,,None,,,,,,,,,,,
NoopIndexDAO,TaskDef.txt,getRetryLogic,,None,,,,,,,,,,,
NoopIndexDAO,TaskDef.txt,setRetryLogic,,None,,,,,,,,,,,
NoopIndexDAO,TaskDef.txt,getRetryDelaySeconds,,None,,,,,,,,,,,
NoopIndexDAO,TaskDef.txt,setRetryDelaySeconds,,None,,,,,,,,,,,
NoopIndexDAO,TaskDef.txt,getResponseTimeoutSeconds,,None,,,,,,,,,,,
NoopIndexDAO,TaskDef.txt,setResponseTimeoutSeconds,,None,,,,,,,,,,,
NoopIndexDAO,TaskDef.txt,setInputTemplate,,None,,,,,,,,,,,
NoopIndexDAO,TaskExecLog.txt,,,None,,,,,,,,,,,
NoopIndexDAO,TaskExecLog.txt,TaskExecLog,,None,,,,,,,,,,,
NoopIndexDAO,TaskExecLog.txt,getLog,,None,,,,,,,,,,,
NoopIndexDAO,TaskExecLog.txt,setLog,,None,,,,,,,,,,,
NoopIndexDAO,TaskExecLog.txt,getTaskId,,None,,,,,,,,,,,
NoopIndexDAO,TaskExecLog.txt,setTaskId,,None,,,,,,,,,,,
NoopIndexDAO,TaskExecLog.txt,getCreatedTime,,None,,,,,,,,,,,
NoopIndexDAO,TaskExecLog.txt,setCreatedTime,,None,,,,,,,,,,,
NoopIndexDAO,TaskSummary.txt,,,None,,,,,,,,,,,
NoopIndexDAO,TaskSummary.txt,TaskSummary,,None,,,,,,,,,,,
NoopIndexDAO,TaskSummary.txt,getWorkflowId,,None,,,,,,,,,,,
NoopIndexDAO,TaskSummary.txt,setWorkflowId,,None,,,,,,,,,,,
NoopIndexDAO,TaskSummary.txt,getWorkflowType,,None,,,,,,,,,,,
NoopIndexDAO,TaskSummary.txt,setWorkflowType,,None,,,,,,,,,,,
NoopIndexDAO,TaskSummary.txt,getCorrelationId,,None,,,,,,,,,,,
NoopIndexDAO,TaskSummary.txt,setCorrelationId,,None,,,,,,,,,,,
NoopIndexDAO,TaskSummary.txt,getScheduledTime,,None,,,,,,,,,,,
NoopIndexDAO,TaskSummary.txt,setScheduledTime,,None,,,,,,,,,,,
NoopIndexDAO,TaskSummary.txt,getStartTime,,None,,,,,,,,,,,
NoopIndexDAO,TaskSummary.txt,setStartTime,,None,,,,,,,,,,,
NoopIndexDAO,TaskSummary.txt,getUpdateTime,,None,,,,,,,,,,,
NoopIndexDAO,TaskSummary.txt,setUpdateTime,,None,,,,,,,,,,,
NoopIndexDAO,TaskSummary.txt,getEndTime,,None,,,,,,,,,,,
NoopIndexDAO,TaskSummary.txt,setEndTime,,None,,,,,,,,,,,
NoopIndexDAO,TaskSummary.txt,getStatus,,None,,,,,,,,,,,
NoopIndexDAO,TaskSummary.txt,setStatus,,None,,,,,,,,,,,
NoopIndexDAO,TaskSummary.txt,getReasonForIncompletion,,None,,,,,,,,,,,
NoopIndexDAO,TaskSummary.txt,setReasonForIncompletion,,None,,,,,,,,,,,
NoopIndexDAO,TaskSummary.txt,getExecutionTime,,None,,,,,,,,,,,
NoopIndexDAO,TaskSummary.txt,setExecutionTime,,None,,,,,,,,,,,
NoopIndexDAO,TaskSummary.txt,getQueueWaitTime,,None,,,,,,,,,,,
NoopIndexDAO,TaskSummary.txt,setQueueWaitTime,,None,,,,,,,,,,,
NoopIndexDAO,TaskSummary.txt,getTaskDefName,,None,,,,,,,,,,,
NoopIndexDAO,TaskSummary.txt,setTaskDefName,,None,,,,,,,,,,,
NoopIndexDAO,TaskSummary.txt,getTaskType,,None,,,,,,,,,,,
NoopIndexDAO,TaskSummary.txt,setTaskType,,None,,,,,,,,,,,
NoopIndexDAO,TaskSummary.txt,getInput,,None,,,,,,,,,,,
NoopIndexDAO,TaskSummary.txt,setInput,,None,,,,,,,,,,,
NoopIndexDAO,TaskSummary.txt,getOutput,,None,,,,,,,,,,,
NoopIndexDAO,TaskSummary.txt,setOutput,,None,,,,,,,,,,,
NoopIndexDAO,TaskSummary.txt,getTaskId,,None,,,,,,,,,,,
NoopIndexDAO,TaskSummary.txt,setTaskId,,None,,,,,,,,,,,
NoopIndexDAO,TaskSummary.txt,getExternalInputPayloadStoragePath,,None,,,,,,,,,,,
NoopIndexDAO,TaskSummary.txt,setExternalInputPayloadStoragePath,,None,,,,,,,,,,,
NoopIndexDAO,TaskSummary.txt,getExternalOutputPayloadStoragePath,,None,,,,,,,,,,,
NoopIndexDAO,TaskSummary.txt,setExternalOutputPayloadStoragePath,,None,,,,,,,,,,,
NoopIndexDAO,TaskSummary.txt,getWorkflowPriority,,None,,,,,,,,,,,
NoopIndexDAO,TaskSummary.txt,setWorkflowPriority,,None,,,,,,,,,,,
NoopIndexDAO,TaskSummary.txt,getDomain,,None,,,,,,,,,,,
NoopIndexDAO,TaskSummary.txt,setDomain,,None,,,,,,,,,,,
NoopIndexDAO,TaskSummary.txt,put_time,error: no comment found,,,,,,,,,,,,
NoopIndexDAO,TaskType.txt,,,None,,,,,,,,,,,
NoopIndexDAO,TaskType.txt,of,,None,,,,,,,,,,,
NoopIndexDAO,TaskType.txt,isBuiltIn,,None,,,,,,,,,,,
NoopIndexDAO,TaskType.txt,initializeBuiltInTasks,,None,,,,,,,,,,,
NoopIndexDAO,TypeMapper.txt,,,None,,,,,,,,,,,
NoopIndexDAO,TypeMapper.txt,TypeMapper,,None,,,,,,,,,,,
NoopIndexDAO,TypeMapper.txt,addScalarType,,None,,,,,,,,,,,
NoopIndexDAO,TypeMapper.txt,addMessageType,,None,,,,,,,,,,,
NoopIndexDAO,TypeMapper.txt,get,,None,,,,,,,,,,,
NoopIndexDAO,TypeMapper.txt,declare,,None,,,,,,,,,,,
NoopIndexDAO,TypeMapper.txt,baseClass,,None,,,,,,,,,,,
NoopIndexDAO,TypeMapper.txt,invalid_argument,error: no comment found,,,,,,,,,,,,
NoopIndexDAO,WorkflowStatus.txt,,,None,,,,,,,,,,,
NoopIndexDAO,WorkflowStatus.txt,correlationId,,None,,,,,,,,,,,
NoopIndexDAO,WorkflowStatus.txt,getCorrelationId,,None,,,,,,,,,,,
NoopIndexDAO,WorkflowStatus.txt,setCorrelationId,,None,,,,,,,,,,,
NoopIndexDAO,WorkflowStatus.txt,output,,None,,,,,,,,,,,
NoopIndexDAO,WorkflowStatus.txt,putOutputItem,,None,,,,,,,,,,,
NoopIndexDAO,WorkflowStatus.txt,setOutput,,None,,,,,,,,,,,
NoopIndexDAO,WorkflowStatus.txt,status,,None,,,,,,,,,,,
NoopIndexDAO,WorkflowStatus.txt,getStatus,,None,,,,,,,,,,,
NoopIndexDAO,WorkflowStatus.txt,setStatus,,None,,,,,,,,,,,
NoopIndexDAO,WorkflowStatus.txt,variables,,None,,,,,,,,,,,
NoopIndexDAO,WorkflowStatus.txt,putVariablesItem,,None,,,,,,,,,,,
NoopIndexDAO,WorkflowStatus.txt,setVariables,,None,,,,,,,,,,,
NoopIndexDAO,WorkflowStatus.txt,workflowId,,None,,,,,,,,,,,
NoopIndexDAO,WorkflowStatus.txt,getWorkflowId,,None,,,,,,,,,,,
NoopIndexDAO,WorkflowStatus.txt,setWorkflowId,,None,,,,,,,,,,,
NoopIndexDAO,WorkflowStatus.txt,toString,,None,,,,,,,,,,,
NoopIndexDAO,WorkflowStatus.txt,fromString,,None,,,,,,,,,,,
NoopIndexDAO,WorkflowSummary.txt,,,None,,,,,,,,,,,
NoopIndexDAO,WorkflowSummary.txt,WorkflowSummary,,None,,,,,,,,,,,
NoopIndexDAO,WorkflowSummary.txt,getWorkflowType,,None,,,,,,,,,,,
NoopIndexDAO,WorkflowSummary.txt,setWorkflowType,,None,,,,,,,,,,,
NoopIndexDAO,WorkflowSummary.txt,getVersion,,None,,,,,,,,,,,
NoopIndexDAO,WorkflowSummary.txt,setVersion,,None,,,,,,,,,,,
NoopIndexDAO,WorkflowSummary.txt,getWorkflowId,,None,,,,,,,,,,,
NoopIndexDAO,WorkflowSummary.txt,setWorkflowId,,None,,,,,,,,,,,
NoopIndexDAO,WorkflowSummary.txt,getCorrelationId,,None,,,,,,,,,,,
NoopIndexDAO,WorkflowSummary.txt,setCorrelationId,,None,,,,,,,,,,,
NoopIndexDAO,WorkflowSummary.txt,getStartTime,,None,,,,,,,,,,,
NoopIndexDAO,WorkflowSummary.txt,setStartTime,,None,,,,,,,,,,,
NoopIndexDAO,WorkflowSummary.txt,getUpdateTime,,None,,,,,,,,,,,
NoopIndexDAO,WorkflowSummary.txt,setUpdateTime,,None,,,,,,,,,,,
NoopIndexDAO,WorkflowSummary.txt,getEndTime,,None,,,,,,,,,,,
NoopIndexDAO,WorkflowSummary.txt,setEndTime,,None,,,,,,,,,,,
NoopIndexDAO,WorkflowSummary.txt,getStatus,,None,,,,,,,,,,,
NoopIndexDAO,WorkflowSummary.txt,setStatus,,None,,,,,,,,,,,
NoopIndexDAO,WorkflowSummary.txt,getInput,,None,,,,,,,,,,,
NoopIndexDAO,WorkflowSummary.txt,setInput,,None,,,,,,,,,,,
NoopIndexDAO,WorkflowSummary.txt,getOutput,,None,,,,,,,,,,,
NoopIndexDAO,WorkflowSummary.txt,setOutput,,None,,,,,,,,,,,
NoopIndexDAO,WorkflowSummary.txt,getReasonForIncompletion,,None,,,,,,,,,,,
NoopIndexDAO,WorkflowSummary.txt,setReasonForIncompletion,,None,,,,,,,,,,,
NoopIndexDAO,WorkflowSummary.txt,getExecutionTime,,None,,,,,,,,,,,
NoopIndexDAO,WorkflowSummary.txt,setExecutionTime,,None,,,,,,,,,,,
NoopIndexDAO,WorkflowSummary.txt,getEvent,,None,,,,,,,,,,,
NoopIndexDAO,WorkflowSummary.txt,setEvent,,None,,,,,,,,,,,
NoopIndexDAO,WorkflowSummary.txt,getFailedReferenceTaskNames,,None,,,,,,,,,,,
NoopIndexDAO,WorkflowSummary.txt,setFailedReferenceTaskNames,,None,,,,,,,,,,,
NoopIndexDAO,WorkflowSummary.txt,getFailedTaskNames,,None,,,,,,,,,,,
NoopIndexDAO,WorkflowSummary.txt,setFailedTaskNames,,None,,,,,,,,,,,
NoopIndexDAO,WorkflowSummary.txt,getPriority,,None,,,,,,,,,,,
NoopIndexDAO,WorkflowSummary.txt,setPriority,,None,,,,,,,,,,,
NoopIndexDAO,WorkflowSummary.txt,getCreatedBy,,None,,,,,,,,,,,
NoopIndexDAO,WorkflowSummary.txt,setCreatedBy,,None,,,,,,,,,,,
NoopIndexDAO,WorkflowSummary.txt,getExternalInputPayloadStoragePath,,None,,,,,,,,,,,
NoopIndexDAO,WorkflowSummary.txt,setExternalInputPayloadStoragePath,,None,,,,,,,,,,,
NoopIndexDAO,WorkflowSummary.txt,getExternalOutputPayloadStoragePath,,None,,,,,,,,,,,
NoopIndexDAO,WorkflowSummary.txt,setExternalOutputPayloadStoragePath,,None,,,,,,,,,,,
NoopIndexDAO,WorkflowTask.txt,,,None,,,,,,,,,,,
NoopIndexDAO,WorkflowTask.txt,getName,,None,,,,,,,,,,,
NoopIndexDAO,WorkflowTask.txt,setName,,None,,,,,,,,,,,
NoopIndexDAO,WorkflowTask.txt,getTaskReferenceName,,None,,,,,,,,,,,
NoopIndexDAO,WorkflowTask.txt,setTaskReferenceName,,None,,,,,,,,,,,
NoopIndexDAO,WorkflowTask.txt,getDescription,,None,,,,,,,,,,,
NoopIndexDAO,WorkflowTask.txt,setDescription,,None,,,,,,,,,,,
NoopIndexDAO,WorkflowTask.txt,setInputParameters,,None,,,,,,,,,,,
NoopIndexDAO,WorkflowTask.txt,getType,,None,,,,,,,,,,,
NoopIndexDAO,WorkflowTask.txt,setType,,None,,,,,,,,,,,
