Cites,Authors,Title,Year,Source,Publisher,ArticleURL,CitesURL,GSRank,QueryDate,Type,DOI,ISSN,CitationURL,Volume,Issue,StartPage,EndPage,ECC,CitesPerYear,CitesPerAuthor,AuthorCount,Age,Abstract,FullTextURL,RelatedURL
2422,"X. Jiang","Ferroptosis: mechanisms, biology and role in disease",2021,"Nature Reviews Molecular Cell Biology","","","https://www.scopus.com/inward/citedby.uri?partnerID=HzOxMe3b&scp=85099832351&origin=inward",1,"2024-06-21 14:44:55","Review","10.1038/s41580-020-00324-8","1471-0072","https://api.elsevier.com/content/abstract/scopus_id/85099832351",22,4,266,282,2422,807.33,2422,1,3,"","",""
1860,"J.L. Bernal","Effectiveness of Covid-19 Vaccines against the B.1.617.2 (Delta) Variant",2021,"New England Journal of Medicine","","","https://www.scopus.com/inward/citedby.uri?partnerID=HzOxMe3b&scp=85112408456&origin=inward",2,"2024-06-21 14:44:55","Article","10.1056/NEJMoa2108891","0028-4793","https://api.elsevier.com/content/abstract/scopus_id/85112408456",385,7,585,594,1860,620.00,1860,1,3,"","",""
1004,"P. Libby","The changing landscape of atherosclerosis",2021,"Nature","","","https://www.scopus.com/inward/citedby.uri?partnerID=HzOxMe3b&scp=85104758818&origin=inward",3,"2024-06-21 14:44:55","Review","10.1038/s41586-021-03392-8","0028-0836","https://api.elsevier.com/content/abstract/scopus_id/85104758818",592,7855,524,533,1004,334.67,1004,1,3,"","",""
883,"P.A. Heidenreich","2022 AHA/ACC/HFSA Guideline for the Management of Heart Failure: A Report of the American College of Cardiology/American Heart Association Joint Committee on Clinical Practice Guidelines",2022,"Journal of the American College of Cardiology","","https://api.elsevier.com/content/article/eid/1-s2.0-S0735109721083959","https://www.scopus.com/inward/citedby.uri?partnerID=HzOxMe3b&scp=85128629604&origin=inward",4,"2024-06-21 14:44:55","Article","10.1016/j.jacc.2021.12.012","0735-1097","https://api.elsevier.com/content/abstract/scopus_id/85128629604",79,17,,,883,441.50,883,1,2,"","",""
836,"Y.K. Dwivedi","Metaverse beyond the hype: Multidisciplinary perspectives on emerging challenges, opportunities, and agenda for research, practice and policy",2022,"International Journal of Information Management","","https://api.elsevier.com/content/article/eid/1-s2.0-S0268401222000767","https://www.scopus.com/inward/citedby.uri?partnerID=HzOxMe3b&scp=85134587952&origin=inward",5,"2024-06-21 14:44:55","Article","10.1016/j.ijinfomgt.2022.102542","0268-4012","https://api.elsevier.com/content/abstract/scopus_id/85134587952",66,,,,836,418.00,836,1,2,"","",""
829,"Y.d. Gao","Risk factors for severe and critically ill COVID-19 patients: A review",2021,"Allergy: European Journal of Allergy and Clinical Immunology","","","https://www.scopus.com/inward/citedby.uri?partnerID=HzOxMe3b&scp=85097009683&origin=inward",6,"2024-06-21 14:44:55","Review","10.1111/all.14657","0105-4538","https://api.elsevier.com/content/abstract/scopus_id/85097009683",76,2,428,455,829,276.33,829,1,3,"","",""
697,"M. Romanello","The 2021 report of the Lancet Countdown on health and climate change: code red for a healthy future",2021,"The Lancet","","https://api.elsevier.com/content/article/eid/1-s2.0-S0140673621017876","https://www.scopus.com/inward/citedby.uri?partnerID=HzOxMe3b&scp=85117513220&origin=inward",7,"2024-06-21 14:44:55","Review","10.1016/S0140-6736(21)01787-6","0140-6736","https://api.elsevier.com/content/abstract/scopus_id/85117513220",398,10311,1619,1662,697,232.33,697,1,3,"","",""
585,"J. Wu","Self-supervised Graph Learning for Recommendation",2021,"SIGIR 2021 - Proceedings of the 44th International ACM SIGIR Conference on Research and Development in Information Retrieval","","","https://www.scopus.com/inward/citedby.uri?partnerID=HzOxMe3b&scp=85111224044&origin=inward",8,"2024-06-21 14:44:55","Conference Paper","10.1145/3404835.3462862","","https://api.elsevier.com/content/abstract/scopus_id/85111224044",,,726,735,585,195.00,585,1,3,"","",""
562,"C. Hickman","Climate anxiety in children and young people and their beliefs about government responses to climate change: a global survey",2021,"The Lancet Planetary Health","","https://api.elsevier.com/content/article/eid/1-s2.0-S2542519621002783","https://www.scopus.com/inward/citedby.uri?partnerID=HzOxMe3b&scp=85120667293&origin=inward",9,"2024-06-21 14:44:55","Article","10.1016/S2542-5196(21)00278-3","2542-5196","https://api.elsevier.com/content/abstract/scopus_id/85120667293",5,12,,,562,187.33,562,1,3,"","",""
516,"C.H. Yu","Demand for green finance: Resolving financing constraints on green innovation in China",2021,"Energy Policy","","https://api.elsevier.com/content/article/eid/1-s2.0-S0301421521001245","https://www.scopus.com/inward/citedby.uri?partnerID=HzOxMe3b&scp=85104058997&origin=inward",10,"2024-06-21 14:44:55","Article","10.1016/j.enpol.2021.112255","0301-4215","https://api.elsevier.com/content/abstract/scopus_id/85104058997",153,,,,516,172.00,516,1,3,"","",""
480,"M.H.E.M. Browning","Psychological impacts from COVID-19 among university students: Risk factors across seven states in the United States",2021,"PloS one","","","https://www.scopus.com/inward/citedby.uri?partnerID=HzOxMe3b&scp=85099889240&origin=inward",11,"2024-06-21 14:44:55","Article","10.1371/journal.pone.0245327","1932-6203","https://api.elsevier.com/content/abstract/scopus_id/85099889240",16,1,,,480,160.00,480,1,3,"","",""
459,"H. Samji","Review: Mental health impacts of the COVID-19 pandemic on children and youth – a systematic review",2022,"Child and Adolescent Mental Health","","","https://www.scopus.com/inward/citedby.uri?partnerID=HzOxMe3b&scp=85113734916&origin=inward",12,"2024-06-21 14:44:55","Review","10.1111/camh.12501","1475-357X","https://api.elsevier.com/content/abstract/scopus_id/85113734916",27,2,173,189,459,229.50,459,1,2,"","",""
445,"A. Saravanan","Effective water/wastewater treatment methodologies for toxic pollutants removal: Processes and applications towards sustainable development",2021,"Chemosphere","","https://api.elsevier.com/content/article/eid/1-s2.0-S0045653521010663","https://www.scopus.com/inward/citedby.uri?partnerID=HzOxMe3b&scp=85104925359&origin=inward",13,"2024-06-21 14:44:55","Article","10.1016/j.chemosphere.2021.130595","0045-6535","https://api.elsevier.com/content/abstract/scopus_id/85104925359",280,,,,445,148.33,445,1,3,"","",""
426,"L. Paremoer","Covid-19 pandemic and the social determinants of health",2021,"The BMJ","","","https://www.scopus.com/inward/citedby.uri?partnerID=HzOxMe3b&scp=85100155845&origin=inward",14,"2024-06-21 14:44:55","Note","10.1136/bmj.n129","0959-8146","https://api.elsevier.com/content/abstract/scopus_id/85100155845",372,,,,426,142.00,426,1,3,"","",""
409,"P. Varma","Younger people are more vulnerable to stress, anxiety and depression during COVID-19 pandemic: A global cross-sectional survey",2021,"Progress in Neuro-Psychopharmacology and Biological Psychiatry","","https://api.elsevier.com/content/article/eid/1-s2.0-S0278584620305522","https://www.scopus.com/inward/citedby.uri?partnerID=HzOxMe3b&scp=85099187659&origin=inward",15,"2024-06-21 14:44:55","Article","10.1016/j.pnpbp.2020.110236","0278-5846","https://api.elsevier.com/content/abstract/scopus_id/85099187659",109,,,,409,136.33,409,1,3,"","",""
395,"T. Tanaka","Increase in suicide following an initial decline during the COVID-19 pandemic in Japan",2021,"Nature Human Behaviour","","","https://www.scopus.com/inward/citedby.uri?partnerID=HzOxMe3b&scp=85100061419&origin=inward",16,"2024-06-21 14:44:55","Article","10.1038/s41562-020-01042-z","2397-3374","https://api.elsevier.com/content/abstract/scopus_id/85100061419",5,2,229,238,395,131.67,395,1,3,"","",""
392,"N. Andrews","Duration of Protection against Mild and Severe Disease by Covid-19 Vaccines",2022,"New England Journal of Medicine","","","https://www.scopus.com/inward/citedby.uri?partnerID=HzOxMe3b&scp=85123879180&origin=inward",17,"2024-06-21 14:44:55","Article","10.1056/NEJMoa2115481","0028-4793","https://api.elsevier.com/content/abstract/scopus_id/85123879180",386,4,340,350,392,196.00,392,1,2,"","",""
390,"B. Kotlar","The impact of the COVID-19 pandemic on maternal and perinatal health: a scoping review",2021,"Reproductive Health","","","https://www.scopus.com/inward/citedby.uri?partnerID=HzOxMe3b&scp=85100074582&origin=inward",18,"2024-06-21 14:44:55","Review","10.1186/s12978-021-01070-6","1742-4755","https://api.elsevier.com/content/abstract/scopus_id/85100074582",18,1,,,390,130.00,390,1,3,"","",""
376,"E.A.N. Wastnedge","Pregnancy and COVID-19",2021,"Physiological Reviews","","","https://www.scopus.com/inward/citedby.uri?partnerID=HzOxMe3b&scp=85096814957&origin=inward",19,"2024-06-21 14:44:55","Article","10.1152/physrev.00024.2020","0031-9333","https://api.elsevier.com/content/abstract/scopus_id/85096814957",101,1,303,318,376,125.33,376,1,3,"","",""
371,"V. Abedi","Racial, Economic, and Health Inequality and COVID-19 Infection in the United States",2021,"Journal of Racial and Ethnic Health Disparities","","","https://www.scopus.com/inward/citedby.uri?partnerID=HzOxMe3b&scp=85090164906&origin=inward",20,"2024-06-21 14:44:55","Article","10.1007/s40615-020-00833-4","2197-3792","https://api.elsevier.com/content/abstract/scopus_id/85090164906",8,3,732,742,371,123.67,371,1,3,"","",""
368,"U. Panchal","The impact of COVID-19 lockdown on child and adolescent mental health: systematic review",2023,"European Child and Adolescent Psychiatry","","","https://www.scopus.com/inward/citedby.uri?partnerID=HzOxMe3b&scp=85112859009&origin=inward",21,"2024-06-21 14:44:55","Review","10.1007/s00787-021-01856-w","1018-8827","https://api.elsevier.com/content/abstract/scopus_id/85112859009",32,7,1151,1177,368,368.00,368,1,1,"","",""
365,"N. Carlini","Extracting training data from large language models",2021,"Proceedings of the 30th USENIX Security Symposium","","","https://www.scopus.com/inward/citedby.uri?partnerID=HzOxMe3b&scp=85108526032&origin=inward",22,"2024-06-21 14:44:55","Conference Paper","","","https://api.elsevier.com/content/abstract/scopus_id/85108526032",,,2633,2650,365,121.67,365,1,3,"","",""
365,"M. Daly","Longitudinal changes in mental health and the COVID-19 pandemic: evidence from the UK Household Longitudinal Study",2022,"Psychological Medicine","","","https://www.scopus.com/inward/citedby.uri?partnerID=HzOxMe3b&scp=85096339926&origin=inward",23,"2024-06-21 14:44:55","Article","10.1017/S0033291720004432","0033-2917","https://api.elsevier.com/content/abstract/scopus_id/85096339926",52,13,2549,2558,365,182.50,365,1,2,"","",""
355,"M. Karmakar","Association of Social and Demographic Factors with COVID-19 Incidence and Death Rates in the US",2021,"JAMA Network Open","","","https://www.scopus.com/inward/citedby.uri?partnerID=HzOxMe3b&scp=85100571592&origin=inward",24,"2024-06-21 14:44:55","Article","10.1001/jamanetworkopen.2020.36462","2574-3805","https://api.elsevier.com/content/abstract/scopus_id/85100571592",4,1,,,355,118.33,355,1,3,"","",""
352,"A. Ortiz-Bobea","Anthropogenic climate change has slowed global agricultural productivity growth",2021,"Nature Climate Change","","","https://www.scopus.com/inward/citedby.uri?partnerID=HzOxMe3b&scp=85103821726&origin=inward",25,"2024-06-21 14:44:55","Article","10.1038/s41558-021-01000-1","1758-678X","https://api.elsevier.com/content/abstract/scopus_id/85103821726",11,4,306,312,352,117.33,352,1,3,"","",""
351,"M. Barreto","Loneliness around the world: Age, gender, and cultural differences in loneliness",2021,"Personality and Individual Differences","","https://api.elsevier.com/content/article/eid/1-s2.0-S0191886920302555","https://www.scopus.com/inward/citedby.uri?partnerID=HzOxMe3b&scp=85083654998&origin=inward",26,"2024-06-21 14:44:55","Article","10.1016/j.paid.2020.110066","0191-8869","https://api.elsevier.com/content/abstract/scopus_id/85083654998",169,,,,351,117.00,351,1,3,"","",""
350,"B.B. Yu","Heterogeneous 2D/3D Tin-Halides Perovskite Solar Cells with Certified Conversion Efficiency Breaking 14%",2021,"Advanced Materials","","","https://www.scopus.com/inward/citedby.uri?partnerID=HzOxMe3b&scp=85111000805&origin=inward",27,"2024-06-21 14:44:55","Article","10.1002/adma.202102055","0935-9648","https://api.elsevier.com/content/abstract/scopus_id/85111000805",33,36,,,350,116.67,350,1,3,"","",""
343,"D.L. Corwin","Climate change impacts on soil salinity in agricultural areas",2021,"European Journal of Soil Science","","","https://www.scopus.com/inward/citedby.uri?partnerID=HzOxMe3b&scp=85087805340&origin=inward",28,"2024-06-21 14:44:55","Review","10.1111/ejss.13010","1351-0754","https://api.elsevier.com/content/abstract/scopus_id/85087805340",72,2,842,862,343,114.33,343,1,3,"","",""
336,"L.S. Madsen","Quantum computational advantage with a programmable photonic processor",2022,"Nature","","","https://www.scopus.com/inward/citedby.uri?partnerID=HzOxMe3b&scp=85131119719&origin=inward",29,"2024-06-21 14:44:55","Article","10.1038/s41586-022-04725-x","0028-0836","https://api.elsevier.com/content/abstract/scopus_id/85131119719",606,7912,75,81,336,168.00,336,1,2,"","",""
333,"M.K. Kansiime","COVID-19 implications on household income and food security in Kenya and Uganda: Findings from a rapid assessment",2021,"World Development","","https://api.elsevier.com/content/article/eid/1-s2.0-S0305750X20303260","https://www.scopus.com/inward/citedby.uri?partnerID=HzOxMe3b&scp=85091671742&origin=inward",30,"2024-06-21 14:44:55","Article","10.1016/j.worlddev.2020.105199","0305-750X","https://api.elsevier.com/content/abstract/scopus_id/85091671742",137,,,,333,111.00,333,1,3,"","",""
331,"H. Rettie","Coping and tolerance of uncertainty: Predictors and mediators of mental health during the COVID-19 pandemic.",2021,"American Psychologist","","","https://www.scopus.com/inward/citedby.uri?partnerID=HzOxMe3b&scp=85089102992&origin=inward",31,"2024-06-21 14:44:55","Article","10.1037/amp0000710","0003-066X","https://api.elsevier.com/content/abstract/scopus_id/85089102992",76,3,427,437,331,110.33,331,1,3,"","",""
329,"L. Müller","Age-dependent Immune Response to the Biontech/Pfizer BNT162b2 Coronavirus Disease 2019 Vaccination",2021,"Clinical Infectious Diseases","","","https://www.scopus.com/inward/citedby.uri?partnerID=HzOxMe3b&scp=85132378011&origin=inward",32,"2024-06-21 14:44:55","Article","10.1093/cid/ciab381","1058-4838","https://api.elsevier.com/content/abstract/scopus_id/85132378011",73,11,2065,2072,329,109.67,329,1,3,"","",""
324,"R.D. Simkin","Biodiversity impacts and conservation implications of urban land expansion projected to 2050",2022,"Proceedings of the National Academy of Sciences of the United States of America","","","https://www.scopus.com/inward/citedby.uri?partnerID=HzOxMe3b&scp=85126718667&origin=inward",33,"2024-06-21 14:44:55","Article","10.1073/pnas.2117297119","0027-8424","https://api.elsevier.com/content/abstract/scopus_id/85126718667",119,12,,,324,162.00,324,1,2,"","",""
307,"S. Eriksen","Adaptation interventions and their effect on vulnerability in developing countries: Help, hindrance or irrelevance?",2021,"World Development","","https://api.elsevier.com/content/article/eid/1-s2.0-S0305750X20305118","https://www.scopus.com/inward/citedby.uri?partnerID=HzOxMe3b&scp=85099621811&origin=inward",34,"2024-06-21 14:44:55","Article","10.1016/j.worlddev.2020.105383","0305-750X","https://api.elsevier.com/content/abstract/scopus_id/85099621811",141,,,,307,102.33,307,1,3,"","",""
304,"X. Lian","Multifaceted characteristics of dryland aridity changes in a warming world",2021,"Nature Reviews Earth and Environment","","","https://www.scopus.com/inward/citedby.uri?partnerID=HzOxMe3b&scp=85104682107&origin=inward",35,"2024-06-21 14:44:55","Review","10.1038/s43017-021-00144-0","2662-138X","https://api.elsevier.com/content/abstract/scopus_id/85104682107",2,4,232,250,304,101.33,304,1,3,"","",""
290,"M. Daly","Psychological distress and adaptation to the COVID-19 crisis in the United States",2021,"Journal of Psychiatric Research","","https://api.elsevier.com/content/article/eid/1-s2.0-S0022395620310384","https://www.scopus.com/inward/citedby.uri?partnerID=HzOxMe3b&scp=85094954442&origin=inward",36,"2024-06-21 14:44:55","Article","10.1016/j.jpsychires.2020.10.035","0022-3956","https://api.elsevier.com/content/abstract/scopus_id/85094954442",136,,603,609,290,96.67,290,1,3,"","",""
289,"S. Shorey","Global prevalence of depression and elevated depressive symptoms among adolescents: A systematic review and meta-analysis",2022,"British Journal of Clinical Psychology","","","https://www.scopus.com/inward/citedby.uri?partnerID=HzOxMe3b&scp=85115672798&origin=inward",37,"2024-06-21 14:44:55","Article","10.1111/bjc.12333","0144-6657","https://api.elsevier.com/content/abstract/scopus_id/85115672798",61,2,287,305,289,144.50,289,1,2,"","",""
284,"U.M. Geisen","Immunogenicity and safety of anti-SARS-CoV-2 mRNA vaccines in patients with chronic inflammatory conditions and immunosuppressive therapy in a monocentric cohort",2021,"Annals of the Rheumatic Diseases","","","https://www.scopus.com/inward/citedby.uri?partnerID=HzOxMe3b&scp=85103019262&origin=inward",38,"2024-06-21 14:44:55","Article","10.1136/annrheumdis-2021-220272","0003-4967","https://api.elsevier.com/content/abstract/scopus_id/85103019262",80,10,1306,1311,284,94.67,284,1,3,"","",""
284,"N.J. Ashton","Plasma p-tau231: a new biomarker for incipient Alzheimer’s disease pathology",2021,"Acta Neuropathologica","","","https://www.scopus.com/inward/citedby.uri?partnerID=HzOxMe3b&scp=85100838806&origin=inward",39,"2024-06-21 14:44:55","Article","10.1007/s00401-021-02275-6","0001-6322","https://api.elsevier.com/content/abstract/scopus_id/85100838806",141,5,709,724,284,94.67,284,1,3,"","",""
273,"Erdiwansyah","A critical review of the integration of renewable energy sources with various technologies",2021,"Protection and Control of Modern Power Systems","","","https://www.scopus.com/inward/citedby.uri?partnerID=HzOxMe3b&scp=85101555597&origin=inward",40,"2024-06-21 14:44:55","Review","10.1186/s41601-021-00181-3","2367-2617","https://api.elsevier.com/content/abstract/scopus_id/85101555597",6,1,,,273,91.00,273,1,3,"","",""
273,"N.E. Charles","Increased mood disorder symptoms, perceived stress, and alcohol use among college students during the COVID-19 pandemic",2021,"Psychiatry Research","","https://api.elsevier.com/content/article/eid/1-s2.0-S0165178121000032","https://www.scopus.com/inward/citedby.uri?partnerID=HzOxMe3b&scp=85100109862&origin=inward",41,"2024-06-21 14:44:55","Article","10.1016/j.psychres.2021.113706","0165-1781","https://api.elsevier.com/content/abstract/scopus_id/85100109862",296,,,,273,91.00,273,1,3,"","",""
272,"X. Ma","Understanding adversarial attacks on deep learning based medical image analysis systems",2021,"Pattern Recognition","","https://api.elsevier.com/content/article/eid/1-s2.0-S0031320320301357","https://www.scopus.com/inward/citedby.uri?partnerID=HzOxMe3b&scp=85085087201&origin=inward",42,"2024-06-21 14:44:55","Article","10.1016/j.patcog.2020.107332","0031-3203","https://api.elsevier.com/content/abstract/scopus_id/85085087201",110,,,,272,90.67,272,1,3,"","",""
271,"A. Seifert","A Double Burden of Exclusion? Digital and Social Exclusion of Older Adults in Times of COVID-19",2021,"Journals of Gerontology - Series B Psychological Sciences and Social Sciences","","","https://www.scopus.com/inward/citedby.uri?partnerID=HzOxMe3b&scp=85102211453&origin=inward",43,"2024-06-21 14:44:55","Article","10.1093/geronb/gbaa098","1079-5014","https://api.elsevier.com/content/abstract/scopus_id/85102211453",76,3,,,271,90.33,271,1,3,"","",""
270,"F. Li","Effects of sources of social support and resilience on the mental health of different age groups during the COVID-19 pandemic",2021,"BMC Psychiatry","","","https://www.scopus.com/inward/citedby.uri?partnerID=HzOxMe3b&scp=85098872464&origin=inward",44,"2024-06-21 14:44:55","Article","10.1186/s12888-020-03012-1","1471-244X","https://api.elsevier.com/content/abstract/scopus_id/85098872464",21,1,,,270,90.00,270,1,3,"","",""
269,"A.R.M. Towfiqul Islam","Flood susceptibility modelling using advanced ensemble machine learning models",2021,"Geoscience Frontiers","","https://api.elsevier.com/content/article/eid/1-s2.0-S1674987120302073","https://www.scopus.com/inward/citedby.uri?partnerID=HzOxMe3b&scp=85099699170&origin=inward",45,"2024-06-21 14:44:55","Article","10.1016/j.gsf.2020.09.006","1674-9871","https://api.elsevier.com/content/abstract/scopus_id/85099699170",12,3,,,269,89.67,269,1,3,"","",""
265,"J.B. Ristaino","The persistent threat of emerging plant disease pandemics to global food security",2021,"Proceedings of the National Academy of Sciences of the United States of America","","","https://www.scopus.com/inward/citedby.uri?partnerID=HzOxMe3b&scp=85105778577&origin=inward",46,"2024-06-21 14:44:55","Review","10.1073/pnas.2022239118","0027-8424","https://api.elsevier.com/content/abstract/scopus_id/85105778577",118,23,,,265,88.33,265,1,3,"","",""
261,"R.K. Reddy","The effect of smoking on COVID-19 severity: A systematic review and meta-analysis",2021,"Journal of Medical Virology","","","https://www.scopus.com/inward/citedby.uri?partnerID=HzOxMe3b&scp=85089373873&origin=inward",47,"2024-06-21 14:44:55","Article","10.1002/jmv.26389","0146-6615","https://api.elsevier.com/content/abstract/scopus_id/85089373873",93,2,1045,1056,261,87.00,261,1,3,"","",""
256,"S. Boubaker","Heterogeneous impacts of wars on global equity markets: Evidence from the invasion of Ukraine",2022,"Finance Research Letters","","https://api.elsevier.com/content/article/eid/1-s2.0-S1544612322001969","https://www.scopus.com/inward/citedby.uri?partnerID=HzOxMe3b&scp=85129702036&origin=inward",48,"2024-06-21 14:44:55","Article","10.1016/j.frl.2022.102934","1544-6123","https://api.elsevier.com/content/abstract/scopus_id/85129702036",48,,,,256,128.00,256,1,2,"","",""
255,"E.M. White","Front-line Nursing Home Staff Experiences During the COVID-19 Pandemic",2021,"Journal of the American Medical Directors Association","","https://api.elsevier.com/content/article/eid/1-s2.0-S1525861020309877","https://www.scopus.com/inward/citedby.uri?partnerID=HzOxMe3b&scp=85098167314&origin=inward",49,"2024-06-21 14:44:55","Article","10.1016/j.jamda.2020.11.022","1525-8610","https://api.elsevier.com/content/abstract/scopus_id/85098167314",22,1,199,203,255,85.00,255,1,3,"","",""
253,"Z. Wei","Orthogonal Time-Frequency Space Modulation: A Promising Next-Generation Waveform",2021,"IEEE Wireless Communications","","","https://www.scopus.com/inward/citedby.uri?partnerID=HzOxMe3b&scp=85114748836&origin=inward",50,"2024-06-21 14:44:55","Article","10.1109/MWC.001.2000408","1536-1284","https://api.elsevier.com/content/abstract/scopus_id/85114748836",28,4,136,144,253,84.33,253,1,3,"","",""
250,"P.S. Minhas","Restoring metabolism of myeloid cells reverses cognitive decline in ageing",2021,"Nature","","","https://www.scopus.com/inward/citedby.uri?partnerID=HzOxMe3b&scp=85100141552&origin=inward",51,"2024-06-21 14:44:55","Article","10.1038/s41586-020-03160-0","0028-0836","https://api.elsevier.com/content/abstract/scopus_id/85100141552",590,7844,122,128,250,83.33,250,1,3,"","",""
247,"C.D. Golden","Aquatic foods to nourish nations",2021,"Nature","","","https://www.scopus.com/inward/citedby.uri?partnerID=HzOxMe3b&scp=85106904569&origin=inward",52,"2024-06-21 14:44:55","Article","10.1038/s41586-021-03917-1","0028-0836","https://api.elsevier.com/content/abstract/scopus_id/85106904569",598,7880,315,320,247,82.33,247,1,3,"","",""
247,"J. Deng","The prevalence of depressive symptoms, anxiety symptoms and sleep disturbance in higher education students during the COVID-19 pandemic: A systematic review and meta-analysis",2021,"Psychiatry Research","","https://api.elsevier.com/content/article/eid/1-s2.0-S0165178121001608","https://www.scopus.com/inward/citedby.uri?partnerID=HzOxMe3b&scp=85105532897&origin=inward",53,"2024-06-21 14:44:55","Article","10.1016/j.psychres.2021.113863","0165-1781","https://api.elsevier.com/content/abstract/scopus_id/85105532897",301,,,,247,82.33,247,1,3,"","",""
244,"M. Murphy","Implementation of remote consulting in UK primary care following the COVID-19 pandemic: A mixed-methods longitudinal study",2021,"British Journal of General Practice","","","https://www.scopus.com/inward/citedby.uri?partnerID=HzOxMe3b&scp=85102394103&origin=inward",54,"2024-06-21 14:44:55","Article","10.3399/BJGP.2020.0948","0960-1643","https://api.elsevier.com/content/abstract/scopus_id/85102394103",71,704,,,244,81.33,244,1,3,"","",""
244,"A. Qayyum","Secure and Robust Machine Learning for Healthcare: A Survey",2021,"IEEE Reviews in Biomedical Engineering","","","https://www.scopus.com/inward/citedby.uri?partnerID=HzOxMe3b&scp=85088192660&origin=inward",55,"2024-06-21 14:44:55","Review","10.1109/RBME.2020.3013489","1937-3333","https://api.elsevier.com/content/abstract/scopus_id/85088192660",14,,156,180,244,81.33,244,1,3,"","",""
241,"A. Bendau","Associations between COVID-19 related media consumption and symptoms of anxiety, depression and COVID-19 related fear in the general population in Germany",2021,"European Archives of Psychiatry and Clinical Neuroscience","","","https://www.scopus.com/inward/citedby.uri?partnerID=HzOxMe3b&scp=85088233441&origin=inward",56,"2024-06-21 14:44:55","Article","10.1007/s00406-020-01171-6","0940-1334","https://api.elsevier.com/content/abstract/scopus_id/85088233441",271,2,283,291,241,80.33,241,1,3,"","",""
240,"M.R.W. Barber","Global epidemiology of systemic lupus erythematosus",2021,"Nature Reviews Rheumatology","","","https://www.scopus.com/inward/citedby.uri?partnerID=HzOxMe3b&scp=85111842689&origin=inward",57,"2024-06-21 14:44:55","Review","10.1038/s41584-021-00668-1","1759-4790","https://api.elsevier.com/content/abstract/scopus_id/85111842689",17,9,515,532,240,80.00,240,1,3,"","",""
239,"A. Khanijahani","A systematic review of racial/ethnic and socioeconomic disparities in COVID-19",2021,"International Journal for Equity in Health","","","https://www.scopus.com/inward/citedby.uri?partnerID=HzOxMe3b&scp=85119892199&origin=inward",58,"2024-06-21 14:44:55","Review","10.1186/s12939-021-01582-4","1475-9276","https://api.elsevier.com/content/abstract/scopus_id/85119892199",20,1,,,239,79.67,239,1,3,"","",""
239,"D. Egger","Falling living standards during the COVID-19 crisis: Quantitative evidence from nine developing countries",2021,"Science Advances","","","https://www.scopus.com/inward/citedby.uri?partnerID=HzOxMe3b&scp=85101010133&origin=inward",59,"2024-06-21 14:44:55","Article","10.1126/sciadv.abe0997","2375-2548","https://api.elsevier.com/content/abstract/scopus_id/85101010133",7,6,,,239,79.67,239,1,3,"","",""
234,"I. Aanouz","Moroccan Medicinal plants as inhibitors against SARS-CoV-2 main protease: Computational investigations",2021,"Journal of Biomolecular Structure and Dynamics","","","https://www.scopus.com/inward/citedby.uri?partnerID=HzOxMe3b&scp=85083865753&origin=inward",60,"2024-06-21 14:44:55","Article","10.1080/07391102.2020.1758790","0739-1102","https://api.elsevier.com/content/abstract/scopus_id/85083865753",39,8,2971,2979,234,78.00,234,1,3,"","",""
231,"T. Brosh-Nissimov","BNT162b2 vaccine breakthrough: clinical characteristics of 152 fully vaccinated hospitalized COVID-19 patients in Israel",2021,"Clinical Microbiology and Infection","","https://api.elsevier.com/content/article/eid/1-s2.0-S1198743X21003670","https://www.scopus.com/inward/citedby.uri?partnerID=HzOxMe3b&scp=85110690486&origin=inward",61,"2024-06-21 14:44:55","Article","10.1016/j.cmi.2021.06.036","1198-743X","https://api.elsevier.com/content/abstract/scopus_id/85110690486",27,11,1652,1657,231,77.00,231,1,3,"","",""
230,"J. Stumpf","Humoral and cellular immunity to SARS-CoV-2 vaccination in renal transplant versus dialysis patients: A prospective, multicenter observational study using mRNA-1273 or BNT162b2 mRNA vaccine",2021,"The Lancet Regional Health - Europe","","https://api.elsevier.com/content/article/eid/1-s2.0-S2666776221001551","https://www.scopus.com/inward/citedby.uri?partnerID=HzOxMe3b&scp=85111051345&origin=inward",62,"2024-06-21 14:44:55","Article","10.1016/j.lanepe.2021.100178","2666-7762","https://api.elsevier.com/content/abstract/scopus_id/85111051345",9,,,,230,76.67,230,1,3,"","",""
230,"M. Sen","Mucor in a Viral Land: A Tale of Two Pathogens",2021,"Indian Journal of Ophthalmology","","","https://www.scopus.com/inward/citedby.uri?partnerID=HzOxMe3b&scp=85099971524&origin=inward",63,"2024-06-21 14:44:55","Article","10.4103/ijo.IJO_3774_20","0301-4738","https://api.elsevier.com/content/abstract/scopus_id/85099971524",69,2,244,252,230,76.67,230,1,3,"","",""
229,"S. Jebari-Benslaiman","Pathophysiology of Atherosclerosis",2022,"International Journal of Molecular Sciences","","","https://www.scopus.com/inward/citedby.uri?partnerID=HzOxMe3b&scp=85126663829&origin=inward",64,"2024-06-21 14:44:55","Review","10.3390/ijms23063346","1661-6596","https://api.elsevier.com/content/abstract/scopus_id/85126663829",23,6,,,229,114.50,229,1,2,"","",""
229,"X. Guo","Mito-Bomb: Targeting Mitochondria for Cancer Therapy",2021,"Advanced Materials","","","https://www.scopus.com/inward/citedby.uri?partnerID=HzOxMe3b&scp=85114706011&origin=inward",65,"2024-06-21 14:44:55","Review","10.1002/adma.202007778","0935-9648","https://api.elsevier.com/content/abstract/scopus_id/85114706011",33,43,,,229,76.33,229,1,3,"","",""
228,"A. Wieland","Dancing the Supply Chain: Toward Transformative Supply Chain Management",2021,"Journal of Supply Chain Management","","","https://www.scopus.com/inward/citedby.uri?partnerID=HzOxMe3b&scp=85097294475&origin=inward",66,"2024-06-21 14:44:55","Article","10.1111/jscm.12248","1523-2409","https://api.elsevier.com/content/abstract/scopus_id/85097294475",57,1,58,73,228,76.00,228,1,3,"","",""
227,"L. Räber","Effect of Alirocumab Added to High-Intensity Statin Therapy on Coronary Atherosclerosis in Patients with Acute Myocardial Infarction: The PACMAN-AMI Randomized Clinical Trial",2022,"JAMA - Journal of the American Medical Association","","","https://www.scopus.com/inward/citedby.uri?partnerID=HzOxMe3b&scp=85128085433&origin=inward",67,"2024-06-21 14:44:55","Article","10.1001/jama.2022.5218","0098-7484","https://api.elsevier.com/content/abstract/scopus_id/85128085433",327,18,1771,1781,227,113.50,227,1,2,"","",""
226,"D. Erlinge","Identification of vulnerable plaques and patients by intracoronary near-infrared spectroscopy and ultrasound (PROSPECT II): a prospective natural history study",2021,"The Lancet","","https://api.elsevier.com/content/article/eid/1-s2.0-S014067362100249X","https://www.scopus.com/inward/citedby.uri?partnerID=HzOxMe3b&scp=85102286136&origin=inward",68,"2024-06-21 14:44:55","Article","10.1016/S0140-6736(21)00249-X","0140-6736","https://api.elsevier.com/content/abstract/scopus_id/85102286136",397,10278,985,995,226,75.33,226,1,3,"","",""
223,"S.K. Opoku","Climate change and health preparedness in africa: Analysing trends in six african countries",2021,"International Journal of Environmental Research and Public Health","","","https://www.scopus.com/inward/citedby.uri?partnerID=HzOxMe3b&scp=85104578885&origin=inward",69,"2024-06-21 14:44:55","Article","10.3390/ijerph18094672","1661-7827","https://api.elsevier.com/content/abstract/scopus_id/85104578885",18,9,,,223,74.33,223,1,3,"","",""
222,"W.U. Ahmad","Unified Pre-training for Program Understanding and Generation",2021,"NAACL-HLT 2021 - 2021 Conference of the North American Chapter of the Association for Computational Linguistics: Human Language Technologies, Proceedings of the Conference","","","https://www.scopus.com/inward/citedby.uri?partnerID=HzOxMe3b&scp=85137738691&origin=inward",70,"2024-06-21 14:44:55","Conference Paper","","","https://api.elsevier.com/content/abstract/scopus_id/85137738691",,,2655,2668,222,74.00,222,1,3,"","",""
220,"L. Seyyed-Kalantari","Underdiagnosis bias of artificial intelligence algorithms applied to chest radiographs in under-served patient populations",2021,"Nature Medicine","","","https://www.scopus.com/inward/citedby.uri?partnerID=HzOxMe3b&scp=85121371287&origin=inward",71,"2024-06-21 14:44:55","Article","10.1038/s41591-021-01595-0","1078-8956","https://api.elsevier.com/content/abstract/scopus_id/85121371287",27,12,2176,2182,220,73.33,220,1,3,"","",""
218,"S. Alfonso","Temperature increase and its effects on fish stress physiology in the context of global warming",2021,"Journal of Fish Biology","","","https://www.scopus.com/inward/citedby.uri?partnerID=HzOxMe3b&scp=85088459418&origin=inward",72,"2024-06-21 14:44:55","Article","10.1111/jfb.14599","0022-1112","https://api.elsevier.com/content/abstract/scopus_id/85088459418",98,6,1496,1508,218,72.67,218,1,3,"","",""
214,"R.W. Peeling","Diagnostics for COVID-19: moving from pandemic response to control",2022,"The Lancet","","https://api.elsevier.com/content/article/eid/1-s2.0-S0140673621023461","https://www.scopus.com/inward/citedby.uri?partnerID=HzOxMe3b&scp=85124647117&origin=inward",73,"2024-06-21 14:44:55","Review","10.1016/S0140-6736(21)02346-1","0140-6736","https://api.elsevier.com/content/abstract/scopus_id/85124647117",399,10326,757,768,214,107.00,214,1,2,"","",""
214,"M. Ilyas","Drought Tolerance Strategies in Plants: A Mechanistic Approach",2021,"Journal of Plant Growth Regulation","","","https://www.scopus.com/inward/citedby.uri?partnerID=HzOxMe3b&scp=85086706398&origin=inward",74,"2024-06-21 14:44:55","Review","10.1007/s00344-020-10174-5","0721-7595","https://api.elsevier.com/content/abstract/scopus_id/85086706398",40,3,926,944,214,71.33,214,1,3,"","",""
211,"J.j. Zhang","Risk and Protective Factors for COVID-19 Morbidity, Severity, and Mortality",2023,"Clinical Reviews in Allergy and Immunology","","","https://www.scopus.com/inward/citedby.uri?partnerID=HzOxMe3b&scp=85123203352&origin=inward",75,"2024-06-21 14:44:55","Review","10.1007/s12016-022-08921-5","1080-0549","https://api.elsevier.com/content/abstract/scopus_id/85123203352",64,1,90,107,211,211.00,211,1,1,"","",""
211,"M. Manchia","The impact of the prolonged COVID-19 pandemic on stress resilience and mental health: A critical review across waves",2022,"European Neuropsychopharmacology","","https://api.elsevier.com/content/article/eid/1-s2.0-S0924977X21016357","https://www.scopus.com/inward/citedby.uri?partnerID=HzOxMe3b&scp=85120934218&origin=inward",76,"2024-06-21 14:44:55","Review","10.1016/j.euroneuro.2021.10.864","0924-977X","https://api.elsevier.com/content/abstract/scopus_id/85120934218",55,,22,83,211,105.50,211,1,2,"","",""
207,"O. Jay","Reducing the health effects of hot weather and heat extremes: from personal cooling strategies to green cities",2021,"The Lancet","","https://api.elsevier.com/content/article/eid/1-s2.0-S0140673621012095","https://www.scopus.com/inward/citedby.uri?partnerID=HzOxMe3b&scp=85113172211&origin=inward",77,"2024-06-21 14:44:55","Review","10.1016/S0140-6736(21)01209-5","0140-6736","https://api.elsevier.com/content/abstract/scopus_id/85113172211",398,10301,709,724,207,69.00,207,1,3,"","",""
206,"C. Troise","How can SMEs successfully navigate VUCA environment: The role of agility in the digital transformation era",2022,"Technological Forecasting and Social Change","","https://api.elsevier.com/content/article/eid/1-s2.0-S0040162521006600","https://www.scopus.com/inward/citedby.uri?partnerID=HzOxMe3b&scp=85115797061&origin=inward",78,"2024-06-21 14:44:55","Article","10.1016/j.techfore.2021.121227","0040-1625","https://api.elsevier.com/content/abstract/scopus_id/85115797061",174,,,,206,103.00,206,1,2,"","",""
204,"E. Lugato","Different climate sensitivity of particulate and mineral-associated soil organic matter",2021,"Nature Geoscience","","","https://www.scopus.com/inward/citedby.uri?partnerID=HzOxMe3b&scp=85105160880&origin=inward",79,"2024-06-21 14:44:55","Article","10.1038/s41561-021-00744-x","1752-0894","https://api.elsevier.com/content/abstract/scopus_id/85105160880",14,5,295,300,204,68.00,204,1,3,"","",""
198,"A. Rigolon","Green space and health equity: A systematic review on the potential of green space to reduce health disparities",2021,"International Journal of Environmental Research and Public Health","","","https://www.scopus.com/inward/citedby.uri?partnerID=HzOxMe3b&scp=85101942652&origin=inward",80,"2024-06-21 14:44:55","Article","10.3390/ijerph18052563","1661-7827","https://api.elsevier.com/content/abstract/scopus_id/85101942652",18,5,1,29,198,66.00,198,1,3,"","",""
198,"K. Leng","Molecular characterization of selectively vulnerable neurons in Alzheimer’s disease",2021,"Nature Neuroscience","","","https://www.scopus.com/inward/citedby.uri?partnerID=HzOxMe3b&scp=85099835104&origin=inward",81,"2024-06-21 14:44:55","Article","10.1038/s41593-020-00764-7","1097-6256","https://api.elsevier.com/content/abstract/scopus_id/85099835104",24,2,276,287,198,66.00,198,1,3,"","",""
197,"A.G. Singal","AASLD Practice Guidance on prevention, diagnosis, and treatment of hepatocellular carcinoma",2023,"Hepatology","","","https://www.scopus.com/inward/citedby.uri?partnerID=HzOxMe3b&scp=85177103633&origin=inward",82,"2024-06-21 14:44:55","Article","10.1097/HEP.0000000000000466","0270-9139","https://api.elsevier.com/content/abstract/scopus_id/85177103633",78,6,1922,1965,197,197.00,197,1,1,"","",""
197,"R. Rocha","Effect of socioeconomic inequalities and vulnerabilities on health-system preparedness and response to COVID-19 in Brazil: a comprehensive analysis",2021,"The Lancet Global Health","","https://api.elsevier.com/content/article/eid/1-s2.0-S2214109X21000814","https://www.scopus.com/inward/citedby.uri?partnerID=HzOxMe3b&scp=85104966710&origin=inward",83,"2024-06-21 14:44:55","Article","10.1016/S2214-109X(21)00081-4","2214-109X","https://api.elsevier.com/content/abstract/scopus_id/85104966710",9,6,,,197,65.67,197,1,3,"","",""
197,"G. Algan","Image classification with deep learning in the presence of noisy labels: A survey",2021,"Knowledge-Based Systems","","https://api.elsevier.com/content/article/eid/1-s2.0-S0950705121000344","https://www.scopus.com/inward/citedby.uri?partnerID=HzOxMe3b&scp=85100223187&origin=inward",84,"2024-06-21 14:44:55","Article","10.1016/j.knosys.2021.106771","0950-7051","https://api.elsevier.com/content/abstract/scopus_id/85100223187",215,,,,197,65.67,197,1,3,"","",""
196,"A. Iqbal","Improving oxidation stability of 2D MXenes: synthesis, storage media, and conditions",2021,"Nano Convergence","","","https://www.scopus.com/inward/citedby.uri?partnerID=HzOxMe3b&scp=85102561573&origin=inward",85,"2024-06-21 14:44:55","Review","10.1186/s40580-021-00259-6","2196-5404","https://api.elsevier.com/content/abstract/scopus_id/85102561573",8,1,,,196,65.33,196,1,3,"","",""
194,"X. Wang","Enhancing the Transferability of Adversarial Attacks through Variance Tuning",2021,"Proceedings of the IEEE Computer Society Conference on Computer Vision and Pattern Recognition","","","https://www.scopus.com/inward/citedby.uri?partnerID=HzOxMe3b&scp=85121629449&origin=inward",86,"2024-06-21 14:44:55","Conference Paper","10.1109/CVPR46437.2021.00196","1063-6919","https://api.elsevier.com/content/abstract/scopus_id/85121629449",,,1924,1933,194,64.67,194,1,3,"","",""
194,"A. Sattler","Impaired humoral and cellular immunity after SARS-CoV-2 BNT162b2 (tozinameran) prime-boost vaccination in kidney transplant recipients",2021,"Journal of Clinical Investigation","","","https://www.scopus.com/inward/citedby.uri?partnerID=HzOxMe3b&scp=85110272736&origin=inward",87,"2024-06-21 14:44:55","Article","10.1172/JCI150175","0021-9738","https://api.elsevier.com/content/abstract/scopus_id/85110272736",131,14,,,194,64.67,194,1,3,"","",""
194,"C.A. Hamza","When social isolation is nothing new: A longitudinal study on psychological distress during COVID-19 among university students with and without preexisting mental health concerns.",2021,"Canadian Psychology","","","https://www.scopus.com/inward/citedby.uri?partnerID=HzOxMe3b&scp=85091349684&origin=inward",88,"2024-06-21 14:44:55","Article","10.1037/cap0000255","0708-5591","https://api.elsevier.com/content/abstract/scopus_id/85091349684",62,1,20,30,194,64.67,194,1,3,"","",""
193,"K. Mouratidis","Urban planning and quality of life: A review of pathways linking the built environment to subjective well-being",2021,"Cities","","https://api.elsevier.com/content/article/eid/1-s2.0-S0264275121001293","https://www.scopus.com/inward/citedby.uri?partnerID=HzOxMe3b&scp=85107157451&origin=inward",89,"2024-06-21 14:44:55","Article","10.1016/j.cities.2021.103229","0264-2751","https://api.elsevier.com/content/abstract/scopus_id/85107157451",115,,,,193,64.33,193,1,3,"","",""
192,"A.A. Kalstad","Effects of n-3 Fatty Acid Supplements in Elderly Patients after Myocardial Infarction: A Randomized, Controlled Trial",2021,"Circulation","","","https://www.scopus.com/inward/citedby.uri?partnerID=HzOxMe3b&scp=85102089564&origin=inward",90,"2024-06-21 14:44:55","Article","10.1161/CIRCULATIONAHA.120.052209","0009-7322","https://api.elsevier.com/content/abstract/scopus_id/85102089564",143,6,528,539,192,64.00,192,1,3,"","",""
191,"P. Fusar-Poli","Preventive psychiatry: a blueprint for improving the mental health of young people",2021,"World Psychiatry","","","https://www.scopus.com/inward/citedby.uri?partnerID=HzOxMe3b&scp=85105866953&origin=inward",91,"2024-06-21 14:44:55","Article","10.1002/wps.20869","1723-8617","https://api.elsevier.com/content/abstract/scopus_id/85105866953",20,2,200,221,191,63.67,191,1,3,"","",""
189,"E.C. Keats","Effective interventions to address maternal and child malnutrition: an update of the evidence",2021,"The Lancet Child and Adolescent Health","","https://api.elsevier.com/content/article/eid/1-s2.0-S2352464220302741","https://www.scopus.com/inward/citedby.uri?partnerID=HzOxMe3b&scp=85103957840&origin=inward",92,"2024-06-21 14:44:55","Review","10.1016/S2352-4642(20)30274-1","2352-4642","https://api.elsevier.com/content/abstract/scopus_id/85103957840",5,5,367,384,189,63.00,189,1,3,"","",""
189,"M. Masud","A machine learning approach to diagnosing lung and colon cancer using a deep learning‐based classification framework",2021,"Sensors (Switzerland)","","","https://www.scopus.com/inward/citedby.uri?partnerID=HzOxMe3b&scp=85099707000&origin=inward",93,"2024-06-21 14:44:55","Article","10.3390/s21030748","1424-8220","https://api.elsevier.com/content/abstract/scopus_id/85099707000",21,3,1,21,189,63.00,189,1,3,"","",""
187,"Y. Wang","The impact of quarantine on mental health status among general population in China during the COVID-19 pandemic",2021,"Molecular Psychiatry","","","https://www.scopus.com/inward/citedby.uri?partnerID=HzOxMe3b&scp=85099863312&origin=inward",94,"2024-06-21 14:44:55","Article","10.1038/s41380-021-01019-y","1359-4184","https://api.elsevier.com/content/abstract/scopus_id/85099863312",26,9,4813,4822,187,62.33,187,1,3,"","",""
187,"X. Kan","Contamination and health risk assessment of heavy metals in China's lead–zinc mine tailings: A meta–analysis",2021,"Chemosphere","","https://api.elsevier.com/content/article/eid/1-s2.0-S0045653520331064","https://www.scopus.com/inward/citedby.uri?partnerID=HzOxMe3b&scp=85095935569&origin=inward",95,"2024-06-21 14:44:55","Review","10.1016/j.chemosphere.2020.128909","0045-6535","https://api.elsevier.com/content/abstract/scopus_id/85095935569",267,,,,187,62.33,187,1,3,"","",""
186,"V.B. Klein","COVID-19 crisis and SMEs responses: The role of digital transformation",2021,"Knowledge and Process Management","","","https://www.scopus.com/inward/citedby.uri?partnerID=HzOxMe3b&scp=85102279957&origin=inward",96,"2024-06-21 14:44:55","Article","10.1002/kpm.1660","1092-4604","https://api.elsevier.com/content/abstract/scopus_id/85102279957",28,2,117,133,186,62.00,186,1,3,"","",""
186,"A. Birhane","Algorithmic injustice: a relational ethics approach",2021,"Patterns","","https://api.elsevier.com/content/article/eid/1-s2.0-S2666389921000155","https://www.scopus.com/inward/citedby.uri?partnerID=HzOxMe3b&scp=85100761051&origin=inward",97,"2024-06-21 14:44:55","Review","10.1016/j.patter.2021.100205","2666-3899","https://api.elsevier.com/content/abstract/scopus_id/85100761051",2,2,,,186,62.00,186,1,3,"","",""
186,"Y. Huang","Mental health burden for the public affected by the COVID-19 outbreak in China: Who will be the high-risk group?",2021,"Psychology, Health and Medicine","","","https://www.scopus.com/inward/citedby.uri?partnerID=HzOxMe3b&scp=85083419377&origin=inward",98,"2024-06-21 14:44:55","Retracted","10.1080/13548506.2020.1754438","1354-8506","https://api.elsevier.com/content/abstract/scopus_id/85083419377",26,1,23,34,186,62.00,186,1,3,"","",""
185,"N. Naik","Legal and Ethical Consideration in Artificial Intelligence in Healthcare: Who Takes Responsibility?",2022,"Frontiers in Surgery","","","https://www.scopus.com/inward/citedby.uri?partnerID=HzOxMe3b&scp=85127600168&origin=inward",99,"2024-06-21 14:44:55","Article","10.3389/fsurg.2022.862322","2296-875X","https://api.elsevier.com/content/abstract/scopus_id/85127600168",9,,,,185,92.50,185,1,2,"","",""
184,"H. Qiu","Adversarial Attacks against Network Intrusion Detection in IoT Systems",2021,"IEEE Internet of Things Journal","","","https://www.scopus.com/inward/citedby.uri?partnerID=HzOxMe3b&scp=85099107269&origin=inward",100,"2024-06-21 14:44:55","Article","10.1109/JIOT.2020.3048038","2327-4662","https://api.elsevier.com/content/abstract/scopus_id/85099107269",8,13,10327,10335,184,61.33,184,1,3,"","",""
183,"A.T. Papageorghiou","Preeclampsia and COVID-19: results from the INTERCOVID prospective longitudinal study",2021,"American Journal of Obstetrics and Gynecology","","https://api.elsevier.com/content/article/eid/1-s2.0-S0002937821005615","https://www.scopus.com/inward/citedby.uri?partnerID=HzOxMe3b&scp=85108853397&origin=inward",101,"2024-06-21 14:44:55","Article","10.1016/j.ajog.2021.05.014","0002-9378","https://api.elsevier.com/content/abstract/scopus_id/85108853397",225,3,289,289,183,61.00,183,1,3,"","",""
183,"M.F. Schmidt","Ubiquitin signalling in neurodegeneration: mechanisms and therapeutic opportunities",2021,"Cell Death and Differentiation","","","https://www.scopus.com/inward/citedby.uri?partnerID=HzOxMe3b&scp=85099082003&origin=inward",102,"2024-06-21 14:44:55","Review","10.1038/s41418-020-00706-7","1350-9047","https://api.elsevier.com/content/abstract/scopus_id/85099082003",28,2,570,590,183,61.00,183,1,3,"","",""
182,"Z.H. Xie","Effects of Molecular Structure on Organic Contaminants' Degradation Efficiency and Dominant ROS in the Advanced Oxidation Process with Multiple ROS",2022,"Environmental Science and Technology","","","https://www.scopus.com/inward/citedby.uri?partnerID=HzOxMe3b&scp=85131439958&origin=inward",103,"2024-06-21 14:44:55","Article","10.1021/acs.est.2c00464","0013-936X","https://api.elsevier.com/content/abstract/scopus_id/85131439958",56,12,8784,8795,182,91.00,182,1,2,"","",""
181,"Y. Zhang","Blockchain-Based Public Integrity Verification for Cloud Storage against Procrastinating Auditors",2021,"IEEE Transactions on Cloud Computing","","","https://www.scopus.com/inward/citedby.uri?partnerID=HzOxMe3b&scp=85114513254&origin=inward",104,"2024-06-21 14:44:55","Article","10.1109/TCC.2019.2908400","2168-7161","https://api.elsevier.com/content/abstract/scopus_id/85114513254",9,3,923,937,181,60.33,181,1,3,"","",""
181,"R.I. Woolway","Lake heatwaves under climate change",2021,"Nature","","","https://www.scopus.com/inward/citedby.uri?partnerID=HzOxMe3b&scp=85099685698&origin=inward",105,"2024-06-21 14:44:55","Article","10.1038/s41586-020-03119-1","0028-0836","https://api.elsevier.com/content/abstract/scopus_id/85099685698",589,7842,402,407,181,60.33,181,1,3,"","",""
181,"A.M. Levenda","Renewable energy for whom? A global systematic review of the environmental justice implications of renewable energy technologies",2021,"Energy Research and Social Science","","https://api.elsevier.com/content/article/eid/1-s2.0-S2214629620304126","https://www.scopus.com/inward/citedby.uri?partnerID=HzOxMe3b&scp=85095939152&origin=inward",106,"2024-06-21 14:44:55","Review","10.1016/j.erss.2020.101837","2214-6296","https://api.elsevier.com/content/abstract/scopus_id/85095939152",71,,,,181,60.33,181,1,3,"","",""
181,"B.K. Kogo","Climate change and variability in Kenya: a review of impacts on agriculture and food security",2021,"Environment, Development and Sustainability","","","https://www.scopus.com/inward/citedby.uri?partnerID=HzOxMe3b&scp=85078605219&origin=inward",107,"2024-06-21 14:44:55","Review","10.1007/s10668-020-00589-1","1387-585X","https://api.elsevier.com/content/abstract/scopus_id/85078605219",23,1,23,43,181,60.33,181,1,3,"","",""
180,"K. O’Sullivan","A qualitative study of child and adolescent mental health during the COVID-19 pandemic in Ireland",2021,"International Journal of Environmental Research and Public Health","","","https://www.scopus.com/inward/citedby.uri?partnerID=HzOxMe3b&scp=85099960054&origin=inward",108,"2024-06-21 14:44:55","Article","10.3390/ijerph18031062","1661-7827","https://api.elsevier.com/content/abstract/scopus_id/85099960054",18,3,1,15,180,60.00,180,1,3,"","",""
179,"P.A. Heidenreich","2022 AHA/ACC/HFSA Guideline for the Management of Heart Failure",2022,"Journal of Cardiac Failure","","https://api.elsevier.com/content/article/eid/1-s2.0-S1071916422000768","https://www.scopus.com/inward/citedby.uri?partnerID=HzOxMe3b&scp=85129753022&origin=inward",109,"2024-06-21 14:44:55","Article","10.1016/j.cardfail.2022.02.010","1071-9164","https://api.elsevier.com/content/abstract/scopus_id/85129753022",28,5,,,179,89.50,179,1,2,"","",""
178,"J.E. Lemieux","Phylogenetic analysis of SARS-CoV-2 in Boston highlights the impact of superspreading events",2021,"Science","","","https://www.scopus.com/inward/citedby.uri?partnerID=HzOxMe3b&scp=85099827259&origin=inward",110,"2024-06-21 14:44:55","Article","10.1126/science.abe3261","0036-8075","https://api.elsevier.com/content/abstract/scopus_id/85099827259",371,6529,,,178,59.33,178,1,3,"","",""
177,"P. Mistry","SARS-CoV-2 Variants, Vaccines, and Host Immunity",2022,"Frontiers in Immunology","","","https://www.scopus.com/inward/citedby.uri?partnerID=HzOxMe3b&scp=85123188313&origin=inward",111,"2024-06-21 14:44:55","Review","10.3389/fimmu.2021.809244","1664-3224","https://api.elsevier.com/content/abstract/scopus_id/85123188313",12,,,,177,88.50,177,1,2,"","",""
177,"F. Yasmin","COVID-19 Vaccine Hesitancy in the United States: A Systematic Review",2021,"Frontiers in Public Health","","","https://www.scopus.com/inward/citedby.uri?partnerID=HzOxMe3b&scp=85120917463&origin=inward",112,"2024-06-21 14:44:55","Article","10.3389/fpubh.2021.770985","2296-2565","https://api.elsevier.com/content/abstract/scopus_id/85120917463",9,,,,177,59.00,177,1,3,"","",""
177,"M. Yousefzadeh","Dna damage—how and why we age?",2021,"eLife","","","https://www.scopus.com/inward/citedby.uri?partnerID=HzOxMe3b&scp=85100201815&origin=inward",113,"2024-06-21 14:44:55","Article","10.7554/eLife.62852","2050-084X","https://api.elsevier.com/content/abstract/scopus_id/85100201815",10,,1,17,177,59.00,177,1,3,"","",""
175,"J. Cai","Modeling transmission of SARS-CoV-2 Omicron in China",2022,"Nature Medicine","","","https://www.scopus.com/inward/citedby.uri?partnerID=HzOxMe3b&scp=85130691021&origin=inward",114,"2024-06-21 14:44:55","Article","10.1038/s41591-022-01855-7","1078-8956","https://api.elsevier.com/content/abstract/scopus_id/85130691021",28,7,1468,1475,175,87.50,175,1,2,"","",""
173,"D.J. Drucker","Diabetes, obesity, metabolism, and SARS-CoV-2 infection: the end of the beginning",2021,"Cell Metabolism","","https://api.elsevier.com/content/article/eid/1-s2.0-S1550413121000164","https://www.scopus.com/inward/citedby.uri?partnerID=HzOxMe3b&scp=85100381329&origin=inward",115,"2024-06-21 14:44:55","Review","10.1016/j.cmet.2021.01.016","1550-4131","https://api.elsevier.com/content/abstract/scopus_id/85100381329",33,3,479,498,173,57.67,173,1,3,"","",""
172,"S. Simpson-Yap","Associations of Disease-Modifying Therapies with COVID-19 Severity in Multiple Sclerosis",2021,"Neurology","","","https://www.scopus.com/inward/citedby.uri?partnerID=HzOxMe3b&scp=85118110317&origin=inward",116,"2024-06-21 14:44:55","Article","10.1212/WNL.0000000000012753","0028-3878","https://api.elsevier.com/content/abstract/scopus_id/85118110317",97,19,,,172,57.33,172,1,3,"","",""
172,"J.E. Flythe","Characteristics and Outcomes of Individuals With Pre-existing Kidney Disease and COVID-19 Admitted to Intensive Care Units in the United States",2021,"American Journal of Kidney Diseases","","https://api.elsevier.com/content/article/eid/1-s2.0-S0272638620309999","https://www.scopus.com/inward/citedby.uri?partnerID=HzOxMe3b&scp=85096337886&origin=inward",117,"2024-06-21 14:44:55","Article","10.1053/j.ajkd.2020.09.003","0272-6386","https://api.elsevier.com/content/abstract/scopus_id/85096337886",77,2,190,203,172,57.33,172,1,3,"","",""
171,"A. Haliassos","Lips Don't Lie: A Generalisable and Robust Approach to Face Forgery Detection",2021,"Proceedings of the IEEE Computer Society Conference on Computer Vision and Pattern Recognition","","","https://www.scopus.com/inward/citedby.uri?partnerID=HzOxMe3b&scp=85122173685&origin=inward",118,"2024-06-21 14:44:55","Conference Paper","10.1109/CVPR46437.2021.00500","1063-6919","https://api.elsevier.com/content/abstract/scopus_id/85122173685",,,5037,5047,171,57.00,171,1,3,"","",""
171,"N.D. Volkow","The changing opioid crisis: development, challenges and opportunities",2021,"Molecular Psychiatry","","","https://www.scopus.com/inward/citedby.uri?partnerID=HzOxMe3b&scp=85079191307&origin=inward",119,"2024-06-21 14:44:55","Review","10.1038/s41380-020-0661-4","1359-4184","https://api.elsevier.com/content/abstract/scopus_id/85079191307",26,1,218,233,171,57.00,171,1,3,"","",""
170,"D.R. Laddu","Physical activity for immunity protection: Inoculating populations with healthy living medicine in preparation for the next pandemic",2021,"Progress in Cardiovascular Diseases","","https://api.elsevier.com/content/article/eid/1-s2.0-S0033062020300785","https://www.scopus.com/inward/citedby.uri?partnerID=HzOxMe3b&scp=85083061047&origin=inward",120,"2024-06-21 14:44:55","Editorial","10.1016/j.pcad.2020.04.006","0033-0620","https://api.elsevier.com/content/abstract/scopus_id/85083061047",64,,102,104,170,56.67,170,1,3,"","",""
169,"Y. Zhang","Microplastics in glaciers of the Tibetan Plateau: Evidence for the long-range transport of microplastics",2021,"Science of the Total Environment","","https://api.elsevier.com/content/article/eid/1-s2.0-S0048969720371655","https://www.scopus.com/inward/citedby.uri?partnerID=HzOxMe3b&scp=85097094158&origin=inward",121,"2024-06-21 14:44:55","Article","10.1016/j.scitotenv.2020.143634","0048-9697","https://api.elsevier.com/content/abstract/scopus_id/85097094158",758,,,,169,56.33,169,1,3,"","",""
169,"A.F.T. Arnsten","Hypothesis: Tau pathology is an initiating factor in sporadic Alzheimer's disease",2021,"Alzheimer's and Dementia","","","https://www.scopus.com/inward/citedby.uri?partnerID=HzOxMe3b&scp=85092619833&origin=inward",122,"2024-06-21 14:44:55","Article","10.1002/alz.12192","1552-5260","https://api.elsevier.com/content/abstract/scopus_id/85092619833",17,1,115,124,169,56.33,169,1,3,"","",""
168,"R. Cohen","Pediatric Infectious Disease Group (GPIP) position paper on the immune debt of the COVID-19 pandemic in childhood, how can we fill the immunity gap?",2021,"Infectious Diseases Now","","https://api.elsevier.com/content/article/eid/1-s2.0-S2666991921001123","https://www.scopus.com/inward/citedby.uri?partnerID=HzOxMe3b&scp=85106557821&origin=inward",123,"2024-06-21 14:44:55","Review","10.1016/j.idnow.2021.05.004","2666-9927","https://api.elsevier.com/content/abstract/scopus_id/85106557821",51,5,418,423,168,56.00,168,1,3,"","",""
168,"S.O. Caballero-Morales","Innovation as recovery strategy for SMEs in emerging economies during the COVID-19 pandemic",2021,"Research in International Business and Finance","","https://api.elsevier.com/content/article/eid/1-s2.0-S0275531921000179","https://www.scopus.com/inward/citedby.uri?partnerID=HzOxMe3b&scp=85100907153&origin=inward",124,"2024-06-21 14:44:55","Article","10.1016/j.ribaf.2021.101396","0275-5319","https://api.elsevier.com/content/abstract/scopus_id/85100907153",57,,,,168,56.00,168,1,3,"","",""
167,"F. Perera","Climate Change, Fossil-Fuel Pollution, and Children's Health",2022,"New England Journal of Medicine","","","https://www.scopus.com/inward/citedby.uri?partnerID=HzOxMe3b&scp=85132082023&origin=inward",125,"2024-06-21 14:44:55","Review","10.1056/NEJMra2117706","0028-4793","https://api.elsevier.com/content/abstract/scopus_id/85132082023",386,24,2303,2314,167,83.50,167,1,2,"","",""
167,"J. Li","Coupling coordination degree of production, living and ecological spaces and its influencing factors in the Yellow River Basin",2021,"Journal of Cleaner Production","","https://api.elsevier.com/content/article/eid/1-s2.0-S0959652621010222","https://www.scopus.com/inward/citedby.uri?partnerID=HzOxMe3b&scp=85103334060&origin=inward",126,"2024-06-21 14:44:55","Article","10.1016/j.jclepro.2021.126803","0959-6526","https://api.elsevier.com/content/abstract/scopus_id/85103334060",298,,,,167,55.67,167,1,3,"","",""
167,"S. Lee","Effect of Microvascular Invasion Risk on Early Recurrence of Hepatocellular Carcinoma after Surgery and Radiofrequency Ablation",2021,"Annals of Surgery","","","https://www.scopus.com/inward/citedby.uri?partnerID=HzOxMe3b&scp=85102018623&origin=inward",127,"2024-06-21 14:44:55","Article","10.1097/SLA.0000000000003268","0003-4932","https://api.elsevier.com/content/abstract/scopus_id/85102018623",273,3,564,571,167,55.67,167,1,3,"","",""
166,"M.B. Moor","Humoral and cellular responses to mRNA vaccines against SARS-CoV-2 in patients with a history of CD20 B-cell-depleting therapy (RituxiVac): an investigator-initiated, single-centre, open-label study",2021,"The Lancet Rheumatology","","https://api.elsevier.com/content/article/eid/1-s2.0-S2665991321002514","https://www.scopus.com/inward/citedby.uri?partnerID=HzOxMe3b&scp=85116746739&origin=inward",128,"2024-06-21 14:44:55","Article","10.1016/S2665-9913(21)00251-4","2665-9913","https://api.elsevier.com/content/abstract/scopus_id/85116746739",3,11,,,166,55.33,166,1,3,"","",""
166,"J.P. Azevedo","Simulating the Potential Impacts of COVID-19 School Closures on Schooling and Learning Outcomes: A Set of Global Estimates",2021,"World Bank Research Observer","","","https://www.scopus.com/inward/citedby.uri?partnerID=HzOxMe3b&scp=85104753454&origin=inward",129,"2024-06-21 14:44:55","Article","10.1093/wbro/lkab003","0257-3032","https://api.elsevier.com/content/abstract/scopus_id/85104753454",36,1,,,166,55.33,166,1,3,"","",""
166,"M.M. Hughes","County-Level COVID-19 Vaccination Coverage and Social Vulnerability — United States, December 14, 2020-March 1, 2021",2021,"MMWR Surveillance Summaries","","","https://www.scopus.com/inward/citedby.uri?partnerID=HzOxMe3b&scp=85103477669&origin=inward",130,"2024-06-21 14:44:55","Article","10.15585/mmwr.mm7012e1","1546-0738","https://api.elsevier.com/content/abstract/scopus_id/85103477669",70,12,431,436,166,55.33,166,1,3,"","",""
166,"N. Ahmad","Relationship between corporate social responsibility at the micro-level and environmental performance: The mediating role of employee pro-environmental behavior and the moderating role of gender",2021,"Sustainable Production and Consumption","","https://api.elsevier.com/content/article/eid/1-s2.0-S2352550921000725","https://www.scopus.com/inward/citedby.uri?partnerID=HzOxMe3b&scp=85101995284&origin=inward",131,"2024-06-21 14:44:55","Article","10.1016/j.spc.2021.02.034","2352-5509","https://api.elsevier.com/content/abstract/scopus_id/85101995284",27,,1138,1148,166,55.33,166,1,3,"","",""
165,"B. Ghimire","Recent Advances on Federated Learning for Cybersecurity and Cybersecurity for Federated Learning for Internet of Things",2022,"IEEE Internet of Things Journal","","","https://www.scopus.com/inward/citedby.uri?partnerID=HzOxMe3b&scp=85124761978&origin=inward",132,"2024-06-21 14:44:55","Article","10.1109/JIOT.2022.3150363","2327-4662","https://api.elsevier.com/content/abstract/scopus_id/85124761978",9,11,8229,8249,165,82.50,165,1,2,"","",""
165,"L. Kruitwagen","A global inventory of photovoltaic solar energy generating units",2021,"Nature","","","https://www.scopus.com/inward/citedby.uri?partnerID=HzOxMe3b&scp=85118162716&origin=inward",133,"2024-06-21 14:44:55","Article","10.1038/s41586-021-03957-7","0028-0836","https://api.elsevier.com/content/abstract/scopus_id/85118162716",598,7882,604,610,165,55.00,165,1,3,"","",""
165,"H. Tirichen","Mitochondrial Reactive Oxygen Species and Their Contribution in Chronic Kidney Disease Progression Through Oxidative Stress",2021,"Frontiers in Physiology","","","https://www.scopus.com/inward/citedby.uri?partnerID=HzOxMe3b&scp=85105429799&origin=inward",134,"2024-06-21 14:44:55","Review","10.3389/fphys.2021.627837","1664-042X","https://api.elsevier.com/content/abstract/scopus_id/85105429799",12,,,,165,55.00,165,1,3,"","",""
165,"A.M. Shields","COVID-19 in patients with primary and secondary immunodeficiency: The United Kingdom experience",2021,"Journal of Allergy and Clinical Immunology","","https://api.elsevier.com/content/article/eid/1-s2.0-S0091674920324064","https://www.scopus.com/inward/citedby.uri?partnerID=HzOxMe3b&scp=85099870926&origin=inward",135,"2024-06-21 14:44:55","Article","10.1016/j.jaci.2020.12.620","0091-6749","https://api.elsevier.com/content/abstract/scopus_id/85099870926",147,3,870,875,165,55.00,165,1,3,"","",""
165,"Y. Li","Psychological distress among health professional students during the COVID-19 outbreak",2021,"Psychological Medicine","","","https://www.scopus.com/inward/citedby.uri?partnerID=HzOxMe3b&scp=85084617219&origin=inward",136,"2024-06-21 14:44:55","Article","10.1017/S0033291720001555","0033-2917","https://api.elsevier.com/content/abstract/scopus_id/85084617219",51,11,1952,1954,165,55.00,165,1,3,"","",""
164,"L. Luzzatto","Glucose-6-phosphate dehydrogenase deficiency",2021,"Blood","","https://api.elsevier.com/content/article/eid/1-s2.0-S0006497120617190","https://www.scopus.com/inward/citedby.uri?partnerID=HzOxMe3b&scp=85090946850&origin=inward",137,"2024-06-21 14:44:55","Review","10.1182/blood.2019000944","0006-4971","https://api.elsevier.com/content/abstract/scopus_id/85090946850",136,11,1225,1240,164,54.67,164,1,3,"","",""
164,"S. Dodds","Adapting research methodology during COVID-19: lessons for transformative service research",2021,"Journal of Service Management","","","https://www.scopus.com/inward/citedby.uri?partnerID=HzOxMe3b&scp=85088089940&origin=inward",138,"2024-06-21 14:44:55","Article","10.1108/JOSM-05-2020-0153","1757-5818","https://api.elsevier.com/content/abstract/scopus_id/85088089940",32,2,203,217,164,54.67,164,1,3,"","",""
163,"R. Von Glahn","Fountain of fortune: Money and monetary policy in China, 1000-1700",2023,"Fountain of Fortune: Money and Monetary Policy in China, 1000-1700","","","https://www.scopus.com/inward/citedby.uri?partnerID=HzOxMe3b&scp=85176897521&origin=inward",139,"2024-06-21 14:44:55","Book","","","https://api.elsevier.com/content/abstract/scopus_id/85176897521",,,1,339,163,163.00,163,1,1,"","",""
163,"H. Zhang","Reproducible X-ray Imaging with a Perovskite Nanocrystal Scintillator Embedded in a Transparent Amorphous Network Structure",2021,"Advanced Materials","","","https://www.scopus.com/inward/citedby.uri?partnerID=HzOxMe3b&scp=85113149008&origin=inward",140,"2024-06-21 14:44:55","Article","10.1002/adma.202102529","0935-9648","https://api.elsevier.com/content/abstract/scopus_id/85113149008",33,40,,,163,54.33,163,1,3,"","",""
163,"M. Lee","Knowledge, attitudes, and practices (KAP) toward COVID-19: a cross-sectional study in South Korea",2021,"BMC Public Health","","","https://www.scopus.com/inward/citedby.uri?partnerID=HzOxMe3b&scp=85100554803&origin=inward",141,"2024-06-21 14:44:55","Article","10.1186/s12889-021-10285-y","1471-2458","https://api.elsevier.com/content/abstract/scopus_id/85100554803",21,1,,,163,54.33,163,1,3,"","",""
162,"C.M. Hsu","COVID-19 Among US Dialysis Patients: Risk Factors and Outcomes From a National Dialysis Provider",2021,"American Journal of Kidney Diseases","","https://api.elsevier.com/content/article/eid/1-s2.0-S0272638621000251","https://www.scopus.com/inward/citedby.uri?partnerID=HzOxMe3b&scp=85102893514&origin=inward",142,"2024-06-21 14:44:55","Article","10.1053/j.ajkd.2021.01.003","0272-6386","https://api.elsevier.com/content/abstract/scopus_id/85102893514",77,5,748,756,162,54.00,162,1,3,"","",""
162,"W.W.Y. Tso","Vulnerability and resilience in children during the COVID-19 pandemic",2022,"European Child and Adolescent Psychiatry","","","https://www.scopus.com/inward/citedby.uri?partnerID=HzOxMe3b&scp=85096100973&origin=inward",143,"2024-06-21 14:44:55","Article","10.1007/s00787-020-01680-8","1018-8827","https://api.elsevier.com/content/abstract/scopus_id/85096100973",31,1,161,176,162,81.00,162,1,2,"","",""
162,"X. Ding","Wearable Sensing and Telehealth Technology with Potential Applications in the Coronavirus Pandemic",2021,"IEEE Reviews in Biomedical Engineering","","","https://www.scopus.com/inward/citedby.uri?partnerID=HzOxMe3b&scp=85084746024&origin=inward",144,"2024-06-21 14:44:55","Article","10.1109/RBME.2020.2992838","1937-3333","https://api.elsevier.com/content/abstract/scopus_id/85084746024",14,,48,70,162,54.00,162,1,3,"","",""
161,"J. Lee","Stress, Anxiety, and Depression Among Undergraduate Students during the COVID-19 Pandemic and their Use of Mental Health Services",2021,"Innovative Higher Education","","","https://www.scopus.com/inward/citedby.uri?partnerID=HzOxMe3b&scp=85105219355&origin=inward",145,"2024-06-21 14:44:55","Article","10.1007/s10755-021-09552-y","0742-5627","https://api.elsevier.com/content/abstract/scopus_id/85105219355",46,5,519,538,161,53.67,161,1,3,"","",""
161,"M.M. Rahman","Clean energy, population density, urbanization and environmental pollution nexus: Evidence from Bangladesh",2021,"Renewable Energy","","https://api.elsevier.com/content/article/eid/1-s2.0-S0960148121004596","https://www.scopus.com/inward/citedby.uri?partnerID=HzOxMe3b&scp=85103542707&origin=inward",146,"2024-06-21 14:44:55","Article","10.1016/j.renene.2021.03.103","0960-1481","https://api.elsevier.com/content/abstract/scopus_id/85103542707",172,,1063,1072,161,53.67,161,1,3,"","",""
160,"R.J. Kaur","Adverse Events Reported From COVID-19 Vaccine Trials: A Systematic Review",2021,"Indian Journal of Clinical Biochemistry","","","https://www.scopus.com/inward/citedby.uri?partnerID=HzOxMe3b&scp=85103412812&origin=inward",147,"2024-06-21 14:44:55","Review","10.1007/s12291-021-00968-z","0970-1915","https://api.elsevier.com/content/abstract/scopus_id/85103412812",36,4,427,439,160,53.33,160,1,3,"","",""
160,"U. Markovic","Understanding Small-Signal Stability of Low-Inertia Systems",2021,"IEEE Transactions on Power Systems","","","https://www.scopus.com/inward/citedby.uri?partnerID=HzOxMe3b&scp=85101736688&origin=inward",148,"2024-06-21 14:44:55","Article","10.1109/TPWRS.2021.3061434","0885-8950","https://api.elsevier.com/content/abstract/scopus_id/85101736688",36,5,3997,4017,160,53.33,160,1,3,"","",""
159,"C. D'Enfert","The impact of the fungus-host-microbiota interplay upon Candida albicans infections: Current knowledge and new perspectives",2021,"FEMS Microbiology Reviews","","","https://www.scopus.com/inward/citedby.uri?partnerID=HzOxMe3b&scp=85103772006&origin=inward",149,"2024-06-21 14:44:55","Review","10.1093/femsre/fuaa060","0168-6445","https://api.elsevier.com/content/abstract/scopus_id/85103772006",45,3,,,159,53.00,159,1,3,"","",""
159,"L. Dahlberg","Loneliness during the COVID-19 pandemic",2021,"Aging and Mental Health","","","https://www.scopus.com/inward/citedby.uri?partnerID=HzOxMe3b&scp=85099852483&origin=inward",150,"2024-06-21 14:44:55","Editorial","10.1080/13607863.2021.1875195","1360-7863","https://api.elsevier.com/content/abstract/scopus_id/85099852483",25,7,1161,1164,159,53.00,159,1,3,"","",""
158,"W. Jiang","Statins: a repurposed drug to fight cancer",2021,"Journal of Experimental and Clinical Cancer Research","","","https://www.scopus.com/inward/citedby.uri?partnerID=HzOxMe3b&scp=85111288052&origin=inward",151,"2024-06-21 14:44:55","Review","10.1186/s13046-021-02041-2","1756-9966","https://api.elsevier.com/content/abstract/scopus_id/85111288052",40,1,,,158,52.67,158,1,3,"","",""
158,"J. Faulkner","Physical activity, mental health and well-being of adults during initial COVID-19 containment strategies: A multi-country cross-sectional analysis",2021,"Journal of Science and Medicine in Sport","","https://api.elsevier.com/content/article/eid/1-s2.0-S1440244020308380","https://www.scopus.com/inward/citedby.uri?partnerID=HzOxMe3b&scp=85099514874&origin=inward",152,"2024-06-21 14:44:55","Article","10.1016/j.jsams.2020.11.016","1440-2440","https://api.elsevier.com/content/abstract/scopus_id/85099514874",24,4,320,326,158,52.67,158,1,3,"","",""
156,"S. Awaworyi Churchill","Energy poverty and health: Panel data evidence from Australia",2021,"Energy Economics","","https://api.elsevier.com/content/article/eid/1-s2.0-S0140988321001249","https://www.scopus.com/inward/citedby.uri?partnerID=HzOxMe3b&scp=85102338237&origin=inward",153,"2024-06-21 14:44:55","Article","10.1016/j.eneco.2021.105219","0140-9883","https://api.elsevier.com/content/abstract/scopus_id/85102338237",97,,,,156,52.00,156,1,3,"","",""
155,"T. Davies","Slow violence and toxic geographies: ‘Out of sight’ to whom?",2022,"Environment and Planning C: Politics and Space","","","https://www.scopus.com/inward/citedby.uri?partnerID=HzOxMe3b&scp=85064531377&origin=inward",154,"2024-06-21 14:44:55","Article","10.1177/2399654419841063","2399-6544","https://api.elsevier.com/content/abstract/scopus_id/85064531377",40,2,409,427,155,77.50,155,1,2,"","",""
154,"J. Deng","Unbiased Mean Teacher for Cross-domain Object Detection",2021,"Proceedings of the IEEE Computer Society Conference on Computer Vision and Pattern Recognition","","","https://www.scopus.com/inward/citedby.uri?partnerID=HzOxMe3b&scp=85117851408&origin=inward",155,"2024-06-21 14:44:55","Conference Paper","10.1109/CVPR46437.2021.00408","1063-6919","https://api.elsevier.com/content/abstract/scopus_id/85117851408",,,4089,4099,154,51.33,154,1,3,"","",""
154,"A. Ribas","Priority covid-19 vaccination for patients with cancer while vaccine supply is limited",2021,"Cancer Discovery","","","https://www.scopus.com/inward/citedby.uri?partnerID=HzOxMe3b&scp=85100804506&origin=inward",156,"2024-06-21 14:44:55","Article","10.1158/2159-8290.CD-20-1817","2159-8274","https://api.elsevier.com/content/abstract/scopus_id/85100804506",11,2,233,236,154,51.33,154,1,3,"","",""
153,"T. Gomez","A Qualitative Study of Primary Care Physicians' Experiences with Telemedicine during COVID-19",2021,"Journal of the American Board of Family Medicine","","","https://www.scopus.com/inward/citedby.uri?partnerID=HzOxMe3b&scp=85101906423&origin=inward",157,"2024-06-21 14:44:55","Article","10.3122/JABFM.2021.S1.200517","1557-2625","https://api.elsevier.com/content/abstract/scopus_id/85101906423",34,,,,153,51.00,153,1,3,"","",""
153,"R. Prăvălie","Arable lands under the pressure of multiple land degradation processes. A global perspective",2021,"Environmental Research","","https://api.elsevier.com/content/article/eid/1-s2.0-S0013935120315966","https://www.scopus.com/inward/citedby.uri?partnerID=HzOxMe3b&scp=85099118989&origin=inward",158,"2024-06-21 14:44:55","Article","10.1016/j.envres.2020.110697","0013-9351","https://api.elsevier.com/content/abstract/scopus_id/85099118989",194,,,,153,51.00,153,1,3,"","",""
153,"E. Tate","Flood exposure and social vulnerability in the United States",2021,"Natural Hazards","","","https://www.scopus.com/inward/citedby.uri?partnerID=HzOxMe3b&scp=85098636763&origin=inward",159,"2024-06-21 14:44:55","Article","10.1007/s11069-020-04470-2","0921-030X","https://api.elsevier.com/content/abstract/scopus_id/85098636763",106,1,435,457,153,51.00,153,1,3,"","",""
152,"A. Ghoochani","Ferroptosis inducers are a novel therapeutic approach for advanced prostate cancer",2021,"Cancer Research","","","https://www.scopus.com/inward/citedby.uri?partnerID=HzOxMe3b&scp=85103753837&origin=inward",160,"2024-06-21 14:44:55","Article","10.1158/0008-5472.CAN-20-3477","0008-5472","https://api.elsevier.com/content/abstract/scopus_id/85103753837",81,6,1583,1594,152,50.67,152,1,3,"","",""
152,"N. Li","Plant Hormone-Mediated Regulation of Heat Tolerance in Response to Global Climate Change",2021,"Frontiers in Plant Science","","","https://www.scopus.com/inward/citedby.uri?partnerID=HzOxMe3b&scp=85101685965&origin=inward",161,"2024-06-21 14:44:55","Review","10.3389/fpls.2020.627969","1664-462X","https://api.elsevier.com/content/abstract/scopus_id/85101685965",11,,,,152,50.67,152,1,3,"","",""
152,"J. Breslau","A longitudinal study of psychological distress in the United States before and during the COVID-19 pandemic",2021,"Preventive Medicine","","https://api.elsevier.com/content/article/eid/1-s2.0-S0091743520303935","https://www.scopus.com/inward/citedby.uri?partnerID=HzOxMe3b&scp=85099320658&origin=inward",162,"2024-06-21 14:44:55","Article","10.1016/j.ypmed.2020.106362","0091-7435","https://api.elsevier.com/content/abstract/scopus_id/85099320658",143,,,,152,50.67,152,1,3,"","",""
152,"C.H. Liu","Risk factors for depression, anxiety, and PTSD symptoms in perinatal women during the COVID-19 Pandemic",2021,"Psychiatry Research","","https://api.elsevier.com/content/article/eid/1-s2.0-S0165178120332133","https://www.scopus.com/inward/citedby.uri?partnerID=HzOxMe3b&scp=85096617625&origin=inward",163,"2024-06-21 14:44:55","Article","10.1016/j.psychres.2020.113552","0165-1781","https://api.elsevier.com/content/abstract/scopus_id/85096617625",295,,,,152,50.67,152,1,3,"","",""
152,"C. Greenaway","COVID-19: Exposing and addressing health disparities among ethnic minorities and migrants",2021,"Journal of Travel Medicine","","","https://www.scopus.com/inward/citedby.uri?partnerID=HzOxMe3b&scp=85094159172&origin=inward",164,"2024-06-21 14:44:55","Review","10.1093/JTM/TAAA113","1195-1982","https://api.elsevier.com/content/abstract/scopus_id/85094159172",27,7,,,152,50.67,152,1,3,"","",""
151,"R.K. Hagmann","Evidence for widespread changes in the structure, composition, and fire regimes of western North American forests",2021,"Ecological Applications","","","https://www.scopus.com/inward/citedby.uri?partnerID=HzOxMe3b&scp=85109736973&origin=inward",165,"2024-06-21 14:44:55","Article","10.1002/eap.2431","1051-0761","https://api.elsevier.com/content/abstract/scopus_id/85109736973",31,8,,,151,50.33,151,1,3,"","",""
151,"Y. Lee","Government response moderates the mental health impact of COVID-19: A systematic review and meta-analysis of depression outcomes across countries",2021,"Journal of Affective Disorders","","https://api.elsevier.com/content/article/eid/1-s2.0-S0165032721003827","https://www.scopus.com/inward/citedby.uri?partnerID=HzOxMe3b&scp=85108387208&origin=inward",166,"2024-06-21 14:44:55","Review","10.1016/j.jad.2021.04.050","0165-0327","https://api.elsevier.com/content/abstract/scopus_id/85108387208",290,,364,377,151,50.33,151,1,3,"","",""
150,"J. Gribble","The coronavirus proofreading exoribonuclease mediates extensive viral recombination",2021,"PLoS Pathogens","","https://api.elsevier.com/content/article/eid/1-s2.0-S1553736621000672","https://www.scopus.com/inward/citedby.uri?partnerID=HzOxMe3b&scp=85099751059&origin=inward",167,"2024-06-21 14:44:55","Article","10.1371/journal.ppat.1009226","1553-7366","https://api.elsevier.com/content/abstract/scopus_id/85099751059",17,1,,,150,50.00,150,1,3,"","",""
150,"J. Heino","Lakes in the era of global change: moving beyond single-lake thinking in maintaining biodiversity and ecosystem services",2021,"Biological Reviews","","","https://www.scopus.com/inward/citedby.uri?partnerID=HzOxMe3b&scp=85090004019&origin=inward",168,"2024-06-21 14:44:55","Article","10.1111/brv.12647","1464-7931","https://api.elsevier.com/content/abstract/scopus_id/85090004019",96,1,89,106,150,50.00,150,1,3,"","",""
149,"V. Rey","Federated learning for malware detection in IoT devices",2022,"Computer Networks","","https://api.elsevier.com/content/article/eid/1-s2.0-S1389128621005582","https://www.scopus.com/inward/citedby.uri?partnerID=HzOxMe3b&scp=85122584894&origin=inward",169,"2024-06-21 14:44:55","Article","10.1016/j.comnet.2021.108693","1389-1286","https://api.elsevier.com/content/abstract/scopus_id/85122584894",204,,,,149,74.50,149,1,2,"","",""
149,"D. Laborde","Impacts of COVID-19 on global poverty, food security, and diets: Insights from global model scenario analysis",2021,"Agricultural Economics (United Kingdom)","","","https://www.scopus.com/inward/citedby.uri?partnerID=HzOxMe3b&scp=85104045776&origin=inward",170,"2024-06-21 14:44:55","Article","10.1111/agec.12624","0169-5150","https://api.elsevier.com/content/abstract/scopus_id/85104045776",52,3,375,390,149,49.67,149,1,3,"","",""
149,"S.M. Anas","Experimental and numerical investigations on performance of reinforced concrete slabs under explosive-induced air-blast loading: A state-of-the-art review",2021,"Structures","","https://api.elsevier.com/content/article/eid/1-s2.0-S2352012421001090","https://www.scopus.com/inward/citedby.uri?partnerID=HzOxMe3b&scp=85101102897&origin=inward",171,"2024-06-21 14:44:55","Article","10.1016/j.istruc.2021.01.102","2352-0124","https://api.elsevier.com/content/abstract/scopus_id/85101102897",31,,428,461,149,49.67,149,1,3,"","",""
148,"S. Prasad","Systematic review and meta-analysis of the effectiveness and perinatal outcomes of COVID-19 vaccination in pregnancy",2022,"Nature Communications","","","https://www.scopus.com/inward/citedby.uri?partnerID=HzOxMe3b&scp=85129867170&origin=inward",172,"2024-06-21 14:44:55","Article","10.1038/s41467-022-30052-w","2041-1723","https://api.elsevier.com/content/abstract/scopus_id/85129867170",13,1,,,148,74.00,148,1,2,"","",""
148,"H. Pirayesh","Jamming Attacks and Anti-Jamming Strategies in Wireless Networks: A Comprehensive Survey",2022,"IEEE Communications Surveys and Tutorials","","","https://www.scopus.com/inward/citedby.uri?partnerID=HzOxMe3b&scp=85126510046&origin=inward",173,"2024-06-21 14:44:55","Review","10.1109/COMST.2022.3159185","1553-877X","https://api.elsevier.com/content/abstract/scopus_id/85126510046",24,2,767,809,148,74.00,148,1,2,"","",""
147,"S. Song","Advances in pathogenesis and therapeutic strategies for osteoporosis",2022,"Pharmacology and Therapeutics","","https://api.elsevier.com/content/article/eid/1-s2.0-S0163725822000626","https://www.scopus.com/inward/citedby.uri?partnerID=HzOxMe3b&scp=85126538974&origin=inward",174,"2024-06-21 14:44:55","Review","10.1016/j.pharmthera.2022.108168","0163-7258","https://api.elsevier.com/content/abstract/scopus_id/85126538974",237,,,,147,73.50,147,1,2,"","",""
147,"N. Mishra","Internet of Things Applications, Security Challenges, Attacks, Intrusion Detection, and Future Visions: A Systematic Review",2021,"IEEE Access","","","https://www.scopus.com/inward/citedby.uri?partnerID=HzOxMe3b&scp=85106538347&origin=inward",175,"2024-06-21 14:44:55","Review","10.1109/ACCESS.2021.3073408","2169-3536","https://api.elsevier.com/content/abstract/scopus_id/85106538347",9,,59353,59377,147,49.00,147,1,3,"","",""
147,"M. Hayn","Systematic functional analysis of SARS-CoV-2 proteins uncovers viral innate immune antagonists and remaining vulnerabilities",2021,"Cell Reports","","https://api.elsevier.com/content/article/eid/1-s2.0-S2211124721004654","https://www.scopus.com/inward/citedby.uri?partnerID=HzOxMe3b&scp=85105583789&origin=inward",176,"2024-06-21 14:44:55","Article","10.1016/j.celrep.2021.109126","2211-1247","https://api.elsevier.com/content/abstract/scopus_id/85105583789",35,7,,,147,49.00,147,1,3,"","",""
147,"M. Muniappan","A comprehensive review of DC fault protection methods in HVDC transmission systems",2021,"Protection and Control of Modern Power Systems","","","https://www.scopus.com/inward/citedby.uri?partnerID=HzOxMe3b&scp=85099294995&origin=inward",177,"2024-06-21 14:44:55","Review","10.1186/s41601-020-00173-9","2367-2617","https://api.elsevier.com/content/abstract/scopus_id/85099294995",6,1,,,147,49.00,147,1,3,"","",""
146,"A.H. Talasaz","Recent Randomized Trials of Antithrombotic Therapy for Patients With COVID-19: JACC State-of-the-Art Review",2021,"Journal of the American College of Cardiology","","https://api.elsevier.com/content/article/eid/1-s2.0-S0735109721004587","https://www.scopus.com/inward/citedby.uri?partnerID=HzOxMe3b&scp=85102860031&origin=inward",178,"2024-06-21 14:44:55","Review","10.1016/j.jacc.2021.02.035","0735-1097","https://api.elsevier.com/content/abstract/scopus_id/85102860031",77,15,1903,1921,146,48.67,146,1,3,"","",""
145,"X. Ren","Overcoming the compensatory elevation of NRF2 renders hepatocellular carcinoma cells more vulnerable to disulfiram/copper-induced ferroptosis",2021,"Redox Biology","","https://api.elsevier.com/content/article/eid/1-s2.0-S2213231721002810","https://www.scopus.com/inward/citedby.uri?partnerID=HzOxMe3b&scp=85114089871&origin=inward",179,"2024-06-21 14:44:55","Article","10.1016/j.redox.2021.102122","2213-2317","https://api.elsevier.com/content/abstract/scopus_id/85114089871",46,,,,145,48.33,145,1,3,"","",""
145,"A. Lebrasseur","Impact of COVID-19 on people with physical disabilities: A rapid review",2021,"Disability and Health Journal","","https://api.elsevier.com/content/article/eid/1-s2.0-S1936657420301461","https://www.scopus.com/inward/citedby.uri?partnerID=HzOxMe3b&scp=85096380720&origin=inward",180,"2024-06-21 14:44:55","Review","10.1016/j.dhjo.2020.101014","1936-6574","https://api.elsevier.com/content/abstract/scopus_id/85096380720",14,1,,,145,48.33,145,1,3,"","",""
144,"X. Zhou","Hierarchical Adversarial Attacks Against Graph-Neural-Network-Based IoT Network Intrusion Detection System",2022,"IEEE Internet of Things Journal","","","https://www.scopus.com/inward/citedby.uri?partnerID=HzOxMe3b&scp=85120046452&origin=inward",181,"2024-06-21 14:44:55","Article","10.1109/JIOT.2021.3130434","2327-4662","https://api.elsevier.com/content/abstract/scopus_id/85120046452",9,12,9310,9319,144,72.00,144,1,2,"","",""
144,"M.T. González-Gil","Nurses’ perceptions and demands regarding COVID-19 care delivery in critical care units and hospital emergency services",2021,"Intensive and Critical Care Nursing","","https://api.elsevier.com/content/article/eid/1-s2.0-S0964339720301695","https://www.scopus.com/inward/citedby.uri?partnerID=HzOxMe3b&scp=85095873178&origin=inward",182,"2024-06-21 14:44:55","Article","10.1016/j.iccn.2020.102966","0964-3397","https://api.elsevier.com/content/abstract/scopus_id/85095873178",62,,,,144,48.00,144,1,3,"","",""
143,"H.V. Ford","The fundamental links between climate change and marine plastic pollution",2022,"Science of the Total Environment","","https://api.elsevier.com/content/article/eid/1-s2.0-S0048969721054693","https://www.scopus.com/inward/citedby.uri?partnerID=HzOxMe3b&scp=85115765314&origin=inward",183,"2024-06-21 14:44:55","Review","10.1016/j.scitotenv.2021.150392","0048-9697","https://api.elsevier.com/content/abstract/scopus_id/85115765314",806,,,,143,71.50,143,1,2,"","",""
143,"A. Basu","A cross-national study of factors associated with women’s perinatal mental health and wellbeing during the COVID-19 pandemic",2021,"PLoS ONE","","","https://www.scopus.com/inward/citedby.uri?partnerID=HzOxMe3b&scp=85104520829&origin=inward",184,"2024-06-21 14:44:55","Article","10.1371/journal.pone.0249780","1932-6203","https://api.elsevier.com/content/abstract/scopus_id/85104520829",16,4,,,143,47.67,143,1,3,"","",""
143,"V. Subbiah","Structural basis of acquired resistance to selpercatinib and pralsetinib mediated by non-gatekeeper RET mutations",2021,"Annals of Oncology","","https://api.elsevier.com/content/article/eid/1-s2.0-S0923753420431278","https://www.scopus.com/inward/citedby.uri?partnerID=HzOxMe3b&scp=85098153757&origin=inward",185,"2024-06-21 14:44:55","Article","10.1016/j.annonc.2020.10.599","0923-7534","https://api.elsevier.com/content/abstract/scopus_id/85098153757",32,2,261,268,143,47.67,143,1,3,"","",""
143,"M. Daly","Depression reported by US adults in 2017–2018 and March and April 2020",2021,"Journal of Affective Disorders","","https://api.elsevier.com/content/article/eid/1-s2.0-S0165032720327609","https://www.scopus.com/inward/citedby.uri?partnerID=HzOxMe3b&scp=85091368957&origin=inward",186,"2024-06-21 14:44:55","Article","10.1016/j.jad.2020.09.065","0165-0327","https://api.elsevier.com/content/abstract/scopus_id/85091368957",278,,131,135,143,47.67,143,1,3,"","",""
142,"J. de Bont","Ambient air pollution and cardiovascular diseases: An umbrella review of systematic reviews and meta-analyses",2022,"Journal of Internal Medicine","","","https://www.scopus.com/inward/citedby.uri?partnerID=HzOxMe3b&scp=85125888841&origin=inward",187,"2024-06-21 14:44:55","Review","10.1111/joim.13467","0954-6820","https://api.elsevier.com/content/abstract/scopus_id/85125888841",291,6,779,800,142,71.00,142,1,2,"","",""
142,"S. Sun","Psychiatric symptoms, risk, and protective factors among university students in quarantine during the COVID-19 pandemic in China",2021,"Globalization and Health","","","https://www.scopus.com/inward/citedby.uri?partnerID=HzOxMe3b&scp=85099944816&origin=inward",188,"2024-06-21 14:44:55","Article","10.1186/s12992-021-00663-x","1744-8603","https://api.elsevier.com/content/abstract/scopus_id/85099944816",17,1,,,142,47.33,142,1,3,"","",""
141,"R. Pop-Busui","Heart Failure: An Underappreciated Complication of Diabetes. A Consensus Report of the American Diabetes Association",2022,"Diabetes Care","","","https://www.scopus.com/inward/citedby.uri?partnerID=HzOxMe3b&scp=85134360710&origin=inward",189,"2024-06-21 14:44:55","Article","10.2337/dci22-0014","0149-5992","https://api.elsevier.com/content/abstract/scopus_id/85134360710",45,7,1670,1690,141,70.50,141,1,2,"","",""
141,"A. Shet","Impact of the SARS-CoV-2 pandemic on routine immunisation services: evidence of disruption and recovery from 170 countries and territories",2022,"The Lancet Global Health","","https://api.elsevier.com/content/article/eid/1-s2.0-S2214109X2100512X","https://www.scopus.com/inward/citedby.uri?partnerID=HzOxMe3b&scp=85123015451&origin=inward",190,"2024-06-21 14:44:55","Article","10.1016/S2214-109X(21)00512-X","2214-109X","https://api.elsevier.com/content/abstract/scopus_id/85123015451",10,2,,,141,70.50,141,1,2,"","",""
141,"O.A. Panagiotou","Risk Factors Associated with All-Cause 30-Day Mortality in Nursing Home Residents with COVID-19",2021,"JAMA Internal Medicine","","","https://www.scopus.com/inward/citedby.uri?partnerID=HzOxMe3b&scp=85098628273&origin=inward",191,"2024-06-21 14:44:55","Article","10.1001/jamainternmed.2020.7968","2168-6106","https://api.elsevier.com/content/abstract/scopus_id/85098628273",181,4,439,448,141,47.00,141,1,3,"","",""
140,"H. Pifarré i Arolas","Years of life lost to COVID-19 in 81 countries",2021,"Scientific Reports","","","https://www.scopus.com/inward/citedby.uri?partnerID=HzOxMe3b&scp=85101226389&origin=inward",192,"2024-06-21 14:44:55","Article","10.1038/s41598-021-83040-3","2045-2322","https://api.elsevier.com/content/abstract/scopus_id/85101226389",11,1,,,140,46.67,140,1,3,"","",""
140,"C. Chen","Safety and security of oil and gas pipeline transportation: A systematic analysis of research trends and future needs using WoS",2021,"Journal of Cleaner Production","","https://api.elsevier.com/content/article/eid/1-s2.0-S0959652620336283","https://www.scopus.com/inward/citedby.uri?partnerID=HzOxMe3b&scp=85089951559&origin=inward",193,"2024-06-21 14:44:55","Article","10.1016/j.jclepro.2020.123583","0959-6526","https://api.elsevier.com/content/abstract/scopus_id/85089951559",279,,,,140,46.67,140,1,3,"","",""
139,"","13. Older Adults: Standards of Medical Care in Diabetes—2022",2022,"Diabetes Care","","","https://www.scopus.com/inward/citedby.uri?partnerID=HzOxMe3b&scp=85123284721&origin=inward",194,"2024-06-21 14:44:55","Article","10.2337/dc22-S013","0149-5992","https://api.elsevier.com/content/abstract/scopus_id/85123284721",45,,,,139,69.50,0,0,2,"","",""
139,"B. Wang","Structure-augmented text representation learning for efficient knowledge graph completion",2021,"The Web Conference 2021 - Proceedings of the World Wide Web Conference, WWW 2021","","","https://www.scopus.com/inward/citedby.uri?partnerID=HzOxMe3b&scp=85107988657&origin=inward",195,"2024-06-21 14:44:55","Conference Paper","10.1145/3442381.3450043","","https://api.elsevier.com/content/abstract/scopus_id/85107988657",,,1737,1748,139,46.33,139,1,3,"","",""
138,"S. Cooper","COVID-19 vaccine hesitancy in South Africa: how can we maximize uptake of COVID-19 vaccines?",2021,"Expert Review of Vaccines","","","https://www.scopus.com/inward/citedby.uri?partnerID=HzOxMe3b&scp=85111734553&origin=inward",196,"2024-06-21 14:44:55","Article","10.1080/14760584.2021.1949291","1476-0584","https://api.elsevier.com/content/abstract/scopus_id/85111734553",20,8,921,933,138,46.00,138,1,3,"","",""
138,"N. Ali","Modelling supply chain information collaboration empowered with machine learning technique",2021,"Intelligent Automation and Soft Computing","","","https://www.scopus.com/inward/citedby.uri?partnerID=HzOxMe3b&scp=85111638243&origin=inward",197,"2024-06-21 14:44:55","Article","10.32604/iasc.2021.018983","1079-8587","https://api.elsevier.com/content/abstract/scopus_id/85111638243",30,1,243,257,138,46.00,138,1,3,"","",""
138,"I. Darrat","Socioeconomic Disparities in Patient Use of Telehealth during the Coronavirus Disease 2019 Surge",2021,"JAMA Otolaryngology - Head and Neck Surgery","","","https://www.scopus.com/inward/citedby.uri?partnerID=HzOxMe3b&scp=85099605742&origin=inward",198,"2024-06-21 14:44:55","Article","10.1001/jamaoto.2020.5161","2168-6181","https://api.elsevier.com/content/abstract/scopus_id/85099605742",147,3,287,295,138,46.00,138,1,3,"","",""
138,"H. Wang","Combining Graph-Based Learning with Automated Data Collection for Code Vulnerability Detection",2021,"IEEE Transactions on Information Forensics and Security","","","https://www.scopus.com/inward/citedby.uri?partnerID=HzOxMe3b&scp=85098786569&origin=inward",199,"2024-06-21 14:44:55","Article","10.1109/TIFS.2020.3044773","1556-6013","https://api.elsevier.com/content/abstract/scopus_id/85098786569",16,,1943,1958,138,46.00,138,1,3,"","",""
137,"Y. Coffey","Understanding Eco-anxiety: A Systematic Scoping Review of Current Literature and Identified Knowledge Gaps",2021,"Journal of Climate Change and Health","","https://api.elsevier.com/content/article/eid/1-s2.0-S2667278221000444","https://www.scopus.com/inward/citedby.uri?partnerID=HzOxMe3b&scp=85118794022&origin=inward",200,"2024-06-21 14:44:55","Review","10.1016/j.joclim.2021.100047","2667-2782","https://api.elsevier.com/content/abstract/scopus_id/85118794022",3,,,,137,45.67,137,1,3,"","",""
