after_s2_before_true,b_hdbscan_noise_points,b_hdbscan_noise_singleton_residual,clustering_backend_note,fast_after_true,fast_delta_true,fast_effective_total_reduction_pct,frozen_index,hdbscan_actually_used,hdbscan_runtime_available,old_after_true,old_delta_true,old_effective_total_reduction_pct,rewrite_a_intro_true,rewrite_a_net_true,rewrite_a_saved_true,rewrite_after_true,rewrite_b_intro_true,rewrite_b_net_true,rewrite_b_saved_true,rewrite_delta_true,rewrite_effective_total_reduction_pct,rewrite_net_true,route_initial_comments,route_initial_delete_now,route_initial_docstrings,route_initial_reference,route_initial_retain_for_b,route_profile,source_id
2474,0,0,,2474,0,0.000000,0,,,2436,38,1.535974,0,0,0,2474,0,0,0,0,0.000000,0,0,0,0,0,0,rewrite_recovery_v2,frozen:0
372,0,0,,372,0,0.000000,1,,,372,0,0.000000,0,0,0,372,0,0,0,0,0.000000,0,0,0,0,0,0,rewrite_recovery_v2,frozen:1
5694,0,0,,5658,36,0.632244,2,,,5694,0,0.000000,0,0,0,5694,0,0,0,0,0.000000,0,0,0,0,0,0,rewrite_recovery_v2,frozen:2
379,0,0,,379,0,0.000000,3,,,379,0,0.000000,0,0,0,379,0,0,0,0,0.000000,0,0,0,0,0,0,rewrite_recovery_v2,frozen:3
155,0,0,,149,6,3.870968,4,,,155,0,0.000000,0,0,0,155,0,0,0,0,0.000000,0,0,0,0,0,0,rewrite_recovery_v2,frozen:4
239,0,0,,239,0,0.000000,5,,,239,0,0.000000,0,0,0,239,0,0,0,0,0.000000,0,0,0,0,0,0,rewrite_recovery_v2,frozen:5
437,0,0,,437,0,0.000000,6,,,416,21,4.805492,0,0,0,437,0,0,0,0,0.000000,0,0,0,0,0,0,rewrite_recovery_v2,frozen:6
115,0,0,,115,0,0.000000,7,,,115,0,0.000000,0,0,0,115,0,0,0,0,0.000000,0,0,0,0,0,0,rewrite_recovery_v2,frozen:7
2862,1,1,lexical_jaccard_fallback_explicit,2862,0,0.000000,8,False,False,2862,0,0.000000,0,0,0,2862,0,0,0,0,0.000000,0,1,0,0,0,1,rewrite_recovery_v2,frozen:8
239,0,0,,239,0,0.000000,9,,,239,0,0.000000,0,0,0,236,0,0,0,3,1.255230,0,1,1,0,0,0,rewrite_recovery_v2,frozen:9
228,0,0,,202,26,11.403509,10,,,202,26,11.403509,0,0,0,228,0,0,0,0,0.000000,0,0,0,0,0,0,rewrite_recovery_v2,frozen:10
92,0,0,,92,0,0.000000,11,,,92,0,0.000000,0,0,0,92,0,0,0,0,0.000000,0,0,0,0,0,0,rewrite_recovery_v2,frozen:11
732,1,1,lexical_jaccard_fallback_explicit,732,0,0.000000,12,False,False,732,0,0.000000,0,0,0,732,0,0,0,0,0.000000,0,1,0,0,0,1,rewrite_recovery_v2,frozen:12
584,1,1,lexical_jaccard_fallback_explicit,552,32,5.479452,13,False,False,540,44,7.534247,0,0,0,584,0,0,0,0,0.000000,0,1,0,0,0,1,rewrite_recovery_v2,frozen:13
2675,0,0,,2637,38,1.420561,14,,,2675,0,0.000000,0,0,0,2675,0,0,0,0,0.000000,0,0,0,0,0,0,rewrite_recovery_v2,frozen:14
4828,1,1,lexical_jaccard_fallback_explicit,4828,0,0.000000,15,False,False,4828,0,0.000000,0,0,0,4828,0,0,0,0,0.000000,0,1,0,0,0,1,rewrite_recovery_v2,frozen:15
146,1,1,lexical_jaccard_fallback_explicit,146,0,0.000000,16,False,False,146,0,0.000000,0,0,0,146,0,0,0,0,0.000000,0,1,0,0,0,1,rewrite_recovery_v2,frozen:16
897,1,1,lexical_jaccard_fallback_explicit,873,24,2.675585,17,False,False,887,10,1.114827,0,0,0,897,0,0,0,0,0.000000,0,1,0,0,0,1,rewrite_recovery_v2,frozen:17
279,0,0,,279,0,0.000000,18,,,279,0,0.000000,0,0,0,279,0,0,0,0,0.000000,0,0,0,0,0,0,rewrite_recovery_v2,frozen:18
1169,0,0,,1169,0,0.000000,19,,,1169,0,0.000000,0,0,0,1169,0,0,0,0,0.000000,0,0,0,0,0,0,rewrite_recovery_v2,frozen:19
1082,0,0,,1082,0,0.000000,20,,,1082,0,0.000000,0,0,0,1082,0,0,0,0,0.000000,0,0,0,0,0,0,rewrite_recovery_v2,frozen:20
142,0,0,lexical_jaccard_fallback_explicit,142,0,0.000000,21,False,False,142,0,0.000000,0,0,0,170,39,15,54,-28,-19.718310,15,0,0,0,4,0,rewrite_recovery_v2,frozen:21
833,0,0,,833,0,0.000000,22,,,833,0,0.000000,0,0,0,833,0,0,0,0,0.000000,0,0,0,0,0,0,rewrite_recovery_v2,frozen:22
283,0,0,,269,14,4.946996,23,,,268,15,5.300353,0,0,0,283,0,0,0,0,0.000000,0,0,0,0,0,0,rewrite_recovery_v2,frozen:23
718,0,0,,718,0,0.000000,24,,,718,0,0.000000,0,0,0,718,0,0,0,0,0.000000,0,0,0,0,0,0,rewrite_recovery_v2,frozen:24
549,0,0,,549,0,0.000000,25,,,532,17,3.096539,0,0,0,549,0,0,0,0,0.000000,0,0,0,0,0,0,rewrite_recovery_v2,frozen:25
176,0,0,,176,0,0.000000,26,,,176,0,0.000000,0,0,0,176,0,0,0,0,0.000000,0,0,0,0,0,0,rewrite_recovery_v2,frozen:26
148,0,0,,148,0,0.000000,27,,,148,0,0.000000,0,0,0,148,0,0,0,0,0.000000,0,0,0,0,0,0,rewrite_recovery_v2,frozen:27
1593,0,0,,1593,0,0.000000,28,,,1593,0,0.000000,0,0,0,1593,0,0,0,0,0.000000,0,0,0,0,0,0,rewrite_recovery_v2,frozen:28
1863,0,0,,1838,25,1.341922,29,,,1835,28,1.502952,0,0,0,1863,0,0,0,0,0.000000,0,0,0,0,0,0,rewrite_recovery_v2,frozen:29
225,2,2,lexical_jaccard_fallback_explicit,225,0,0.000000,30,False,False,225,0,0.000000,0,0,0,225,0,0,0,0,0.000000,0,0,0,1,17,1,rewrite_recovery_v2,frozen:30
10402,0,0,,10402,0,0.000000,31,,,10402,0,0.000000,0,0,0,10399,0,0,0,3,0.028841,0,1,1,0,0,0,rewrite_recovery_v2,frozen:31
245,0,0,,236,9,3.673469,32,,,245,0,0.000000,0,0,0,245,0,0,0,0,0.000000,0,0,0,0,0,0,rewrite_recovery_v2,frozen:32
193,0,0,,193,0,0.000000,33,,,193,0,0.000000,0,0,0,193,0,0,0,0,0.000000,0,0,0,0,0,0,rewrite_recovery_v2,frozen:33
520,0,0,,520,0,0.000000,34,,,520,0,0.000000,0,0,0,520,0,0,0,0,0.000000,0,0,0,0,0,0,rewrite_recovery_v2,frozen:34
41,0,0,,41,0,0.000000,35,,,41,0,0.000000,0,0,0,41,0,0,0,0,0.000000,0,0,0,0,0,0,rewrite_recovery_v2,frozen:35
2934,0,0,,2897,37,1.261077,36,,,2889,45,1.533742,0,0,0,2934,0,0,0,0,0.000000,0,0,0,0,0,0,rewrite_recovery_v2,frozen:36
178,0,0,,178,0,0.000000,37,,,178,0,0.000000,0,0,0,178,0,0,0,0,0.000000,0,0,0,0,0,0,rewrite_recovery_v2,frozen:37
334,0,0,,334,0,0.000000,38,,,334,0,0.000000,0,0,0,334,0,0,0,0,0.000000,0,0,0,0,0,0,rewrite_recovery_v2,frozen:38
441,0,0,,441,0,0.000000,39,,,441,0,0.000000,0,0,0,441,0,0,0,0,0.000000,0,0,0,0,0,0,rewrite_recovery_v2,frozen:39
1593,0,0,,1593,0,0.000000,40,,,1593,0,0.000000,0,0,0,1593,0,0,0,0,0.000000,0,0,0,0,0,0,rewrite_recovery_v2,frozen:40
245,0,0,,245,0,0.000000,41,,,245,0,0.000000,0,0,0,245,0,0,0,0,0.000000,0,0,0,0,0,0,rewrite_recovery_v2,frozen:41
1814,0,0,,1790,24,1.323043,42,,,1755,59,3.252481,0,0,0,1814,0,0,0,0,0.000000,0,0,0,0,0,0,rewrite_recovery_v2,frozen:42
484,0,0,,484,0,0.000000,43,,,484,0,0.000000,0,0,0,484,0,0,0,0,0.000000,0,0,0,0,0,0,rewrite_recovery_v2,frozen:43
160,0,0,,152,8,5.000000,44,,,152,8,5.000000,0,0,0,160,0,0,0,0,0.000000,0,0,0,0,0,0,rewrite_recovery_v2,frozen:44
175,0,0,,165,10,5.714286,45,,,165,10,5.714286,0,0,0,175,0,0,0,0,0.000000,0,0,0,0,0,0,rewrite_recovery_v2,frozen:45
857,0,0,,801,56,6.534422,46,,,801,56,6.534422,0,0,0,857,0,0,0,0,0.000000,0,0,0,0,0,0,rewrite_recovery_v2,frozen:46
202,0,0,,202,0,0.000000,47,,,202,0,0.000000,0,0,0,202,0,0,0,0,0.000000,0,0,0,0,0,0,rewrite_recovery_v2,frozen:47
556,0,0,,556,0,0.000000,48,,,525,31,5.575540,0,0,0,556,0,0,0,0,0.000000,0,0,0,0,0,0,rewrite_recovery_v2,frozen:48
673,0,0,,673,0,0.000000,49,,,673,0,0.000000,0,0,0,673,0,0,0,0,0.000000,0,0,0,0,0,0,rewrite_recovery_v2,frozen:49
30,0,0,,30,0,0.000000,50,,,30,0,0.000000,0,0,0,30,0,0,0,0,0.000000,0,0,0,0,0,0,rewrite_recovery_v2,frozen:50
31158,1,1,lexical_jaccard_fallback_explicit,30568,590,1.893575,51,False,False,30070,1088,3.491880,0,0,0,31158,0,0,0,0,0.000000,0,1,0,0,0,1,rewrite_recovery_v2,frozen:51
3439,0,0,,3439,0,0.000000,52,,,3439,0,0.000000,0,0,0,3439,0,0,0,0,0.000000,0,0,0,0,0,0,rewrite_recovery_v2,frozen:52
124,0,0,,124,0,0.000000,53,,,124,0,0.000000,0,0,0,124,0,0,0,0,0.000000,0,0,0,0,0,0,rewrite_recovery_v2,frozen:53
250,1,1,lexical_jaccard_fallback_explicit,238,12,4.800000,54,False,False,238,12,4.800000,0,0,0,250,0,0,0,0,0.000000,0,1,0,0,0,1,rewrite_recovery_v2,frozen:54
77,0,0,,77,0,0.000000,55,,,77,0,0.000000,0,0,0,77,0,0,0,0,0.000000,0,0,0,0,0,0,rewrite_recovery_v2,frozen:55
419,0,0,,407,12,2.863962,56,,,407,12,2.863962,0,0,0,419,0,0,0,0,0.000000,0,0,0,0,0,0,rewrite_recovery_v2,frozen:56
244,0,0,,244,0,0.000000,57,,,244,0,0.000000,0,0,0,244,0,0,0,0,0.000000,0,0,0,0,0,0,rewrite_recovery_v2,frozen:57
60,0,0,,60,0,0.000000,58,,,60,0,0.000000,0,0,0,60,0,0,0,0,0.000000,0,0,0,0,0,0,rewrite_recovery_v2,frozen:58
1118,0,0,,1118,0,0.000000,59,,,1118,0,0.000000,0,0,0,1118,0,0,0,0,0.000000,0,0,0,0,0,0,rewrite_recovery_v2,frozen:59
1193,0,0,,1193,0,0.000000,60,,,1193,0,0.000000,0,0,0,1193,0,0,0,0,0.000000,0,0,0,0,0,0,rewrite_recovery_v2,frozen:60
1868,0,0,,1868,0,0.000000,61,,,1868,0,0.000000,0,0,0,1868,0,0,0,0,0.000000,0,0,0,0,0,0,rewrite_recovery_v2,frozen:61
1057,0,0,,1057,0,0.000000,62,,,1047,10,0.946074,0,0,0,1057,0,0,0,0,0.000000,0,0,0,0,0,0,rewrite_recovery_v2,frozen:62
939,1,1,lexical_jaccard_fallback_explicit,939,0,0.000000,63,False,False,909,30,3.194888,0,0,0,915,12,24,36,24,2.555911,24,7,0,0,0,7,rewrite_recovery_v2,frozen:63
576,0,0,,576,0,0.000000,64,,,576,0,0.000000,0,0,0,576,0,0,0,0,0.000000,0,0,0,0,0,0,rewrite_recovery_v2,frozen:64
1660,0,0,,1618,42,2.530120,65,,,1660,0,0.000000,0,0,0,1660,0,0,0,0,0.000000,0,0,0,0,0,0,rewrite_recovery_v2,frozen:65
1656,0,0,lexical_jaccard_fallback_explicit,1594,62,3.743961,66,False,False,1641,15,0.905797,0,0,0,1656,0,0,0,0,0.000000,0,2,0,0,0,2,rewrite_recovery_v2,frozen:66
238,1,1,lexical_jaccard_fallback_explicit,238,0,0.000000,67,False,False,238,0,0.000000,0,0,0,238,0,0,0,0,0.000000,0,1,0,0,0,1,rewrite_recovery_v2,frozen:67
326,1,1,lexical_jaccard_fallback_explicit,306,20,6.134969,68,False,False,306,20,6.134969,0,0,0,326,0,0,0,0,0.000000,0,1,0,0,0,1,rewrite_recovery_v2,frozen:68
7173,0,0,,7173,0,0.000000,69,,,7173,0,0.000000,0,0,0,7173,0,0,0,0,0.000000,0,0,0,0,0,0,rewrite_recovery_v2,frozen:69
1693,1,1,lexical_jaccard_fallback_explicit,1693,0,0.000000,70,False,False,1693,0,0.000000,0,0,0,1693,0,0,0,0,0.000000,0,1,0,0,0,1,rewrite_recovery_v2,frozen:70
408,1,1,lexical_jaccard_fallback_explicit,408,0,0.000000,71,False,False,408,0,0.000000,0,0,0,408,0,0,0,0,0.000000,0,1,0,0,0,1,rewrite_recovery_v2,frozen:71
72,0,0,,72,0,0.000000,72,,,72,0,0.000000,0,0,0,72,0,0,0,0,0.000000,0,0,0,0,0,0,rewrite_recovery_v2,frozen:72
225,0,0,,225,0,0.000000,73,,,225,0,0.000000,0,0,0,225,0,0,0,0,0.000000,0,0,0,0,0,0,rewrite_recovery_v2,frozen:73
570,0,0,,552,18,3.157895,74,,,523,47,8.245614,0,0,0,570,0,0,0,0,0.000000,0,0,0,0,0,0,rewrite_recovery_v2,frozen:74
220,0,0,,213,7,3.181818,75,,,220,0,0.000000,0,0,0,220,0,0,0,0,0.000000,0,0,0,0,0,0,rewrite_recovery_v2,frozen:75
1187,0,0,,1146,41,3.454086,76,,,1152,35,2.948610,0,0,0,1187,0,0,0,0,0.000000,0,0,0,0,0,0,rewrite_recovery_v2,frozen:76
1232,0,0,,1192,40,3.246753,77,,,1157,75,6.087662,0,0,0,1232,0,0,0,0,0.000000,0,0,0,0,0,0,rewrite_recovery_v2,frozen:77
51,0,0,,51,0,0.000000,78,,,51,0,0.000000,0,0,0,51,0,0,0,0,0.000000,0,0,0,0,0,0,rewrite_recovery_v2,frozen:78
3552,0,0,,3331,221,6.221847,79,,,3325,227,6.390766,0,0,0,3552,0,0,0,0,0.000000,0,0,0,0,0,0,rewrite_recovery_v2,frozen:79
18,0,0,,18,0,0.000000,80,,,18,0,0.000000,0,0,0,18,0,0,0,0,0.000000,0,0,0,0,0,0,rewrite_recovery_v2,frozen:80
1497,0,0,,1497,0,0.000000,81,,,1497,0,0.000000,0,0,0,1497,0,0,0,0,0.000000,0,0,0,0,0,0,rewrite_recovery_v2,frozen:81
516,1,1,lexical_jaccard_fallback_explicit,516,0,0.000000,82,False,False,516,0,0.000000,0,0,0,516,0,0,0,0,0.000000,0,1,0,0,0,1,rewrite_recovery_v2,frozen:82
354,0,0,,354,0,0.000000,83,,,354,0,0.000000,0,0,0,354,0,0,0,0,0.000000,0,0,0,0,0,0,rewrite_recovery_v2,frozen:83
284,0,0,,284,0,0.000000,84,,,284,0,0.000000,0,0,0,284,0,0,0,0,0.000000,0,0,0,0,0,0,rewrite_recovery_v2,frozen:84
919,0,0,,884,35,3.808487,85,,,884,35,3.808487,0,0,0,919,0,0,0,0,0.000000,0,0,0,0,0,0,rewrite_recovery_v2,frozen:85
397,0,0,,397,0,0.000000,86,,,397,0,0.000000,0,0,0,397,0,0,0,0,0.000000,0,0,0,0,0,0,rewrite_recovery_v2,frozen:86
433,0,0,,423,10,2.309469,87,,,433,0,0.000000,0,0,0,433,0,0,0,0,0.000000,0,0,0,0,0,0,rewrite_recovery_v2,frozen:87
283,0,0,,283,0,0.000000,88,,,269,14,4.946996,0,0,0,283,0,0,0,0,0.000000,0,0,0,0,0,0,rewrite_recovery_v2,frozen:88
24,0,0,,24,0,0.000000,89,,,24,0,0.000000,0,0,0,24,0,0,0,0,0.000000,0,0,0,0,0,0,rewrite_recovery_v2,frozen:89
5028,0,0,lexical_jaccard_fallback_explicit,5015,13,0.258552,90,False,False,5015,13,0.258552,0,0,0,5026,11,2,13,2,0.039777,2,2,0,0,0,2,rewrite_recovery_v2,frozen:90
8,0,0,lexical_jaccard_fallback_explicit,8,0,0.000000,91,False,False,8,0,0.000000,0,0,0,14,9,1,10,-6,-75.000000,1,0,0,0,1,0,rewrite_recovery_v2,frozen:91
89,0,0,,89,0,0.000000,92,,,89,0,0.000000,0,0,0,89,0,0,0,0,0.000000,0,0,0,0,0,0,rewrite_recovery_v2,frozen:92
2899,0,0,,2899,0,0.000000,93,,,2899,0,0.000000,0,0,0,2899,0,0,0,0,0.000000,0,0,0,0,0,0,rewrite_recovery_v2,frozen:93
837,0,0,,837,0,0.000000,94,,,821,16,1.911589,0,0,0,837,0,0,0,0,0.000000,0,0,0,0,0,0,rewrite_recovery_v2,frozen:94
191,1,1,lexical_jaccard_fallback_explicit,191,0,0.000000,95,False,False,191,0,0.000000,0,0,0,191,0,0,0,0,0.000000,0,1,0,0,0,1,rewrite_recovery_v2,frozen:95
336,0,0,,336,0,0.000000,96,,,336,0,0.000000,0,0,0,336,0,0,0,0,0.000000,0,0,0,0,0,0,rewrite_recovery_v2,frozen:96
277,0,0,,271,6,2.166065,97,,,277,0,0.000000,0,0,0,277,0,0,0,0,0.000000,0,0,0,0,0,0,rewrite_recovery_v2,frozen:97
1805,0,0,,1805,0,0.000000,98,,,1805,0,0.000000,0,0,0,1805,0,0,0,0,0.000000,0,0,0,0,0,0,rewrite_recovery_v2,frozen:98
627,0,0,,627,0,0.000000,99,,,627,0,0.000000,0,0,0,627,0,0,0,0,0.000000,0,0,0,0,0,0,rewrite_recovery_v2,frozen:99
3175,0,0,,3175,0,0.000000,100,,,3175,0,0.000000,0,0,0,3175,0,0,0,0,0.000000,0,0,0,0,0,0,rewrite_recovery_v2,frozen:100
66,0,0,,60,6,9.090909,101,,,66,0,0.000000,0,0,0,66,0,0,0,0,0.000000,0,0,0,0,0,0,rewrite_recovery_v2,frozen:101
637,0,0,,613,24,3.767661,102,,,613,24,3.767661,0,0,0,637,0,0,0,0,0.000000,0,0,0,0,0,0,rewrite_recovery_v2,frozen:102
417,0,0,,403,14,3.357314,103,,,405,12,2.877698,0,0,0,417,0,0,0,0,0.000000,0,0,0,0,0,0,rewrite_recovery_v2,frozen:103
895,0,0,,895,0,0.000000,104,,,883,12,1.340782,0,0,0,895,0,0,0,0,0.000000,0,0,0,0,0,0,rewrite_recovery_v2,frozen:104
211,1,1,lexical_jaccard_fallback_explicit,211,0,0.000000,105,False,False,211,0,0.000000,0,0,0,254,56,58,114,-43,-20.379147,58,0,0,0,22,0,rewrite_recovery_v2,frozen:105
102,0,0,,102,0,0.000000,106,,,102,0,0.000000,0,0,0,102,0,0,0,0,0.000000,0,0,0,0,0,0,rewrite_recovery_v2,frozen:106
300,0,0,,282,18,6.000000,107,,,300,0,0.000000,0,0,0,300,0,0,0,0,0.000000,0,0,0,0,0,0,rewrite_recovery_v2,frozen:107
1661,0,0,,1537,124,7.465382,108,,,1537,124,7.465382,0,0,0,1661,0,0,0,0,0.000000,0,0,0,0,0,0,rewrite_recovery_v2,frozen:108
961,0,0,,961,0,0.000000,109,,,946,15,1.560874,0,0,0,961,0,0,0,0,0.000000,0,0,0,0,0,0,rewrite_recovery_v2,frozen:109
639,2,2,lexical_jaccard_fallback_explicit,639,0,0.000000,110,False,False,639,0,0.000000,0,0,0,639,0,0,0,0,0.000000,0,2,0,0,0,2,rewrite_recovery_v2,frozen:110
2375,0,0,,2375,0,0.000000,111,,,2375,0,0.000000,0,0,0,2375,0,0,0,0,0.000000,0,0,0,0,0,0,rewrite_recovery_v2,frozen:111
669,0,0,,669,0,0.000000,112,,,669,0,0.000000,0,0,0,669,0,0,0,0,0.000000,0,0,0,0,0,0,rewrite_recovery_v2,frozen:112
355,0,0,,319,36,10.140845,113,,,337,18,5.070423,0,0,0,355,0,0,0,0,0.000000,0,0,0,0,0,0,rewrite_recovery_v2,frozen:113
1723,0,0,,1723,0,0.000000,114,,,1704,19,1.102728,0,0,0,1723,0,0,0,0,0.000000,0,0,0,0,0,0,rewrite_recovery_v2,frozen:114
263,0,0,,263,0,0.000000,115,,,245,18,6.844106,0,0,0,263,0,0,0,0,0.000000,0,0,0,0,0,0,rewrite_recovery_v2,frozen:115
28,0,0,,28,0,0.000000,116,,,28,0,0.000000,0,0,0,28,0,0,0,0,0.000000,0,0,0,0,0,0,rewrite_recovery_v2,frozen:116
15449,0,0,,14042,1407,9.107386,117,,,14454,995,6.440546,0,0,0,15449,0,0,0,0,0.000000,0,0,0,0,0,0,rewrite_recovery_v2,frozen:117
1176,1,1,lexical_jaccard_fallback_explicit,1176,0,0.000000,118,False,False,1133,43,3.656463,0,0,0,1176,0,0,0,0,0.000000,0,1,0,0,0,1,rewrite_recovery_v2,frozen:118
1685,1,1,lexical_jaccard_fallback_explicit,1369,316,18.753709,119,False,False,1369,316,18.753709,0,0,0,1685,0,0,0,0,0.000000,0,1,0,0,0,1,rewrite_recovery_v2,frozen:119
3685,1,1,lexical_jaccard_fallback_explicit,3685,0,0.000000,120,False,False,3685,0,0.000000,0,0,0,3685,0,0,0,0,0.000000,0,1,0,0,0,1,rewrite_recovery_v2,frozen:120
241,0,0,,241,0,0.000000,121,,,241,0,0.000000,0,0,0,241,0,0,0,0,0.000000,0,0,0,0,0,0,rewrite_recovery_v2,frozen:121
324,1,1,lexical_jaccard_fallback_explicit,324,0,0.000000,122,False,False,324,0,0.000000,0,0,0,324,0,0,0,0,0.000000,0,1,0,0,0,1,rewrite_recovery_v2,frozen:122
43,0,0,,43,0,0.000000,123,,,43,0,0.000000,0,0,0,43,0,0,0,0,0.000000,0,0,0,0,0,0,rewrite_recovery_v2,frozen:123
1468,1,1,lexical_jaccard_fallback_explicit,1468,0,0.000000,124,False,False,1435,33,2.247956,0,0,0,1468,0,0,0,0,0.000000,0,1,0,0,0,1,rewrite_recovery_v2,frozen:124
740,0,0,,740,0,0.000000,125,,,740,0,0.000000,0,0,0,740,0,0,0,0,0.000000,0,0,0,0,0,0,rewrite_recovery_v2,frozen:125
459,0,0,,459,0,0.000000,126,,,459,0,0.000000,0,0,0,459,0,0,0,0,0.000000,0,0,0,0,0,0,rewrite_recovery_v2,frozen:126
104,0,0,,104,0,0.000000,127,,,104,0,0.000000,0,0,0,104,0,0,0,0,0.000000,0,0,0,0,0,0,rewrite_recovery_v2,frozen:127
2248,0,0,,2214,34,1.512456,128,,,2224,24,1.067616,0,0,0,2248,0,0,0,0,0.000000,0,0,0,0,0,0,rewrite_recovery_v2,frozen:128
169,0,0,,157,12,7.100592,129,,,169,0,0.000000,0,0,0,169,0,0,0,0,0.000000,0,0,0,0,0,0,rewrite_recovery_v2,frozen:129
504,2,2,lexical_jaccard_fallback_explicit,504,0,0.000000,130,False,False,489,15,2.976190,0,0,0,504,0,0,0,0,0.000000,0,2,0,0,0,2,rewrite_recovery_v2,frozen:130
1591,0,0,,1591,0,0.000000,131,,,1591,0,0.000000,0,0,0,1591,0,0,0,0,0.000000,0,0,0,0,0,0,rewrite_recovery_v2,frozen:131
